datetime,open,high,low,close,volume
2026-03-26T03:00:00+00:00,1.1659499999999998,1.1670299999999998,1.1658499999999998,1.1669299999999998,3405
2026-03-26T04:00:00+00:00,1.1669299999999998,1.1673099999999998,1.16681,1.1670099999999999,2512
2026-03-26T05:00:00+00:00,1.1670099999999999,1.1670599999999998,1.1658499999999998,1.16587,5114
2026-03-26T06:00:00+00:00,1.16587,1.16678,1.1652699999999998,1.1667299999999998,6320
2026-03-26T07:00:00+00:00,1.1667299999999998,1.1667299999999998,1.1651399999999998,1.1654399999999998,8141
2026-03-26T08:00:00+00:00,1.1654399999999998,1.1661799999999998,1.16481,1.1660499999999998,9556
2026-03-26T09:00:00+00:00,1.1660499999999998,1.1665699999999999,1.1653399999999998,1.16604,9425
2026-03-26T10:00:00+00:00,1.16604,1.16658,1.1655499999999999,1.1657899999999999,8356
2026-03-26T11:00:00+00:00,1.1657899999999999,1.16594,1.16241,1.1624999999999999,7666
2026-03-26T12:00:00+00:00,1.1624999999999999,1.1636199999999999,1.1623199999999998,1.1635799999999998,10993
2026-03-26T13:00:00+00:00,1.1635799999999998,1.16532,1.1635699999999998,1.1643,15447
2026-03-26T14:00:00+00:00,1.1643,1.16556,1.16376,1.1648299999999998,19692
2026-03-26T15:00:00+00:00,1.1648299999999998,1.1652099999999999,1.1631999999999998,1.1642,17165
2026-03-26T16:00:00+00:00,1.1642,1.16438,1.16316,1.1636399999999998,11158
2026-03-26T17:00:00+00:00,1.1636399999999998,1.1638399999999998,1.1626299999999998,1.1626599999999998,9100
2026-03-26T18:00:00+00:00,1.1626599999999998,1.16346,1.1625899999999998,1.1634499999999999,6017
2026-03-26T19:00:00+00:00,1.1634499999999999,1.1635199999999999,1.16224,1.16227,6701
2026-03-26T20:00:00+00:00,1.16227,1.16593,1.1620199999999998,1.1626299999999998,16883
2026-03-26T21:00:00+00:00,1.1626299999999998,1.1636,1.1624599999999998,1.1633699999999998,2016.1199283748963
2026-03-26T22:00:00+00:00,1.1633699999999998,1.1641299999999997,1.1631899999999997,1.1639099999999998,2299
2026-03-26T23:00:00+00:00,1.1639099999999998,1.1640699999999997,1.1634899999999997,1.1635399999999998,2441
2026-03-27T00:00:00+00:00,1.1635399999999998,1.1638899999999999,1.1625299999999998,1.1631399999999998,8426
2026-03-27T01:00:00+00:00,1.1631399999999998,1.1641799999999998,1.1630599999999998,1.1641199999999998,6074
2026-03-27T02:00:00+00:00,1.1641199999999998,1.1643499999999998,1.1636999999999997,1.1639399999999998,3861
2026-03-27T03:00:00+00:00,1.1639399999999998,1.1641199999999998,1.1634799999999998,1.1639899999999999,3779
2026-03-27T04:00:00+00:00,1.1639899999999999,1.1644699999999997,1.1637899999999999,1.1643699999999997,2859
2026-03-27T05:00:00+00:00,1.1643699999999997,1.1646999999999998,1.1638099999999998,1.1641999999999997,4823
2026-03-27T06:00:00+00:00,1.1641999999999997,1.1644599999999998,1.1634899999999997,1.1635299999999997,4606
2026-03-27T07:00:00+00:00,1.1635299999999997,1.1635799999999998,1.1617899999999999,1.1619799999999998,7244
2026-03-27T08:00:00+00:00,1.1619799999999998,1.1626199999999998,1.1616899999999997,1.1621499999999998,9691
2026-03-27T09:00:00+00:00,1.1621499999999998,1.1627099999999997,1.1615299999999997,1.1620099999999998,8823
2026-03-27T10:00:00+00:00,1.1620099999999998,1.1626899999999998,1.1611099999999999,1.1611999999999998,7924
2026-03-27T11:00:00+00:00,1.1611999999999998,1.1614899999999997,1.1605599999999998,1.1608599999999998,7475
2026-03-27T12:00:00+00:00,1.1608599999999998,1.1618999999999997,1.1602699999999997,1.1615999999999997,10088
2026-03-27T13:00:00+00:00,1.1615999999999997,1.1633799999999999,1.1615199999999999,1.1624999999999999,14390
2026-03-27T14:00:00+00:00,1.1624999999999999,1.1636599999999997,1.1624099999999997,1.1629699999999998,14383
2026-03-27T15:00:00+00:00,1.1629699999999998,1.1648699999999999,1.1618999999999997,1.1620299999999997,18136
2026-03-27T16:00:00+00:00,1.1620299999999997,1.1628199999999997,1.1615699999999998,1.1620099999999998,13872
2026-03-27T17:00:00+00:00,1.1620099999999998,1.1629799999999997,1.1607199999999998,1.1613499999999999,10925
2026-03-27T18:00:00+00:00,1.1613499999999999,1.1620499999999998,1.1607899999999998,1.1614499999999999,7912
2026-03-27T19:00:00+00:00,1.1614499999999999,1.1618799999999998,1.1610999999999998,1.1618099999999998,5905
2026-03-27T20:00:00+00:00,1.1618099999999998,1.1621499999999998,1.1607799999999997,1.1609199999999997,6236.484699982905
2026-03-29T21:00:00+00:00,1.1609199999999997,1.1611099999999999,1.1605999999999999,1.16072,352.5003573150128
2026-03-29T22:00:00+00:00,1.16072,1.16098,1.15956,1.15963,6111
2026-03-29T23:00:00+00:00,1.15963,1.16024,1.15951,1.15996,6396
2026-03-30T00:00:00+00:00,1.15996,1.16203,1.15973,1.16145,13168
2026-03-30T01:00:00+00:00,1.16145,1.16187,1.16105,1.16127,7046
2026-03-30T02:00:00+00:00,1.16127,1.1623,1.1609,1.16191,5856
2026-03-30T03:00:00+00:00,1.16191,1.16265,1.1618,1.16234,4431
2026-03-30T04:00:00+00:00,1.16234,1.1629,1.16213,1.16213,3370
2026-03-30T05:00:00+00:00,1.16213,1.16259,1.16174,1.16235,5162
2026-03-30T06:00:00+00:00,1.16235,1.16277,1.16192,1.16204,7093
2026-03-30T07:00:00+00:00,1.16204,1.16205,1.16015,1.16054,8779
2026-03-30T08:00:00+00:00,1.16054,1.16065,1.15983,1.16037,7732
2026-03-30T09:00:00+00:00,1.16037,1.16059,1.15915,1.16021,7818
2026-03-30T10:00:00+00:00,1.16021,1.16051,1.15958,1.1597,6442
2026-03-30T11:00:00+00:00,1.1597,1.16081,1.15916,1.15925,13385
2026-03-30T12:00:00+00:00,1.15925,1.15966,1.15808,1.15905,11601
2026-03-30T13:00:00+00:00,1.15905,1.15956,1.15699,1.15718,14298
2026-03-30T14:00:00+00:00,1.15718,1.15781,1.15625,1.15726,17016
2026-03-30T15:00:00+00:00,1.15726,1.15736,1.15508,1.15614,12795
2026-03-30T16:00:00+00:00,1.15614,1.15689,1.15552,1.15677,7441
2026-03-30T17:00:00+00:00,1.15677,1.1573,1.15634,1.15654,7629
2026-03-30T18:00:00+00:00,1.15654,1.15739,1.15647,1.15689,6048.505360479984
2026-03-30T19:00:00+00:00,1.15689,1.1570200000000002,1.15616,1.15676,5581
2026-03-30T20:00:00+00:00,1.15676,1.15728,1.1565,1.15718,3263
2026-03-30T21:00:00+00:00,1.15718,1.15761,1.15638,1.1568500000000002,1675.2776780298905
2026-03-30T22:00:00+00:00,1.1568500000000002,1.15727,1.1566400000000001,1.15666,1379.9789341517858
2026-03-30T23:00:00+00:00,1.15666,1.15666,1.15595,1.1563800000000002,2984
2026-03-31T00:00:00+00:00,1.1563800000000002,1.1583400000000001,1.1554300000000002,1.15819,14751
2026-03-31T01:00:00+00:00,1.15819,1.15979,1.15806,1.15832,10610
2026-03-31T02:00:00+00:00,1.15832,1.1586900000000002,1.1580400000000002,1.1583100000000002,5857
2026-03-31T03:00:00+00:00,1.1583100000000002,1.15836,1.1573600000000002,1.15769,4246
2026-03-31T04:00:00+00:00,1.15769,1.1580000000000001,1.15761,1.15762,2843
2026-03-31T05:00:00+00:00,1.15762,1.1578600000000001,1.1569500000000001,1.15717,5145
2026-03-31T06:00:00+00:00,1.15717,1.15816,1.1568100000000001,1.1579300000000001,7055
2026-03-31T07:00:00+00:00,1.1579300000000001,1.15815,1.1570200000000002,1.15796,9616
2026-03-31T08:00:00+00:00,1.15796,1.1583,1.1571300000000002,1.15744,9131
2026-03-31T09:00:00+00:00,1.15744,1.15805,1.15694,1.15754,8191
2026-03-31T10:00:00+00:00,1.15754,1.15771,1.15653,1.1566200000000002,6358
2026-03-31T11:00:00+00:00,1.1566200000000002,1.1598400000000002,1.1564800000000002,1.1598300000000001,15804
2026-03-31T12:00:00+00:00,1.1598300000000001,1.16172,1.15941,1.1610200000000002,18007
2026-03-31T13:00:00+00:00,1.1610200000000002,1.16398,1.1607900000000002,1.1639400000000002,14631
2026-03-31T14:00:00+00:00,1.1639400000000002,1.1648,1.1618300000000001,1.16273,27418
2026-03-31T15:00:00+00:00,1.16273,1.16402,1.16189,1.16246,23134
2026-03-31T16:00:00+00:00,1.16246,1.1667100000000001,1.1621100000000002,1.16476,32408
2026-03-31T17:00:00+00:00,1.16476,1.1663800000000002,1.1646100000000001,1.1647200000000002,25743
2026-03-31T18:00:00+00:00,1.1647200000000002,1.16581,1.16457,1.1651900000000002,12653
2026-03-31T19:00:00+00:00,1.1651900000000002,1.1667,1.16459,1.1666400000000001,9517
2026-03-31T20:00:00+00:00,1.1666400000000001,1.16707,1.16588,1.1660000000000001,5737
2026-03-31T21:00:00+00:00,1.1660000000000001,1.16616,1.1657000000000002,1.16592,1864.4775456317736
2026-03-31T22:00:00+00:00,1.16592,1.16668,1.16591,1.16652,2202
2026-03-31T23:00:00+00:00,1.16652,1.16812,1.16637,1.16805,3236
2026-04-01T00:00:00+00:00,1.16805,1.16855,1.1676,1.1681300000000001,7449
2026-04-01T01:00:00+00:00,1.1681300000000001,1.16824,1.16616,1.16685,10089
2026-04-01T02:00:00+00:00,1.16685,1.16778,1.16673,1.16755,5006
2026-04-01T03:00:00+00:00,1.16755,1.16755,1.16658,1.16675,3905
2026-04-01T04:00:00+00:00,1.16675,1.16732,1.16662,1.16721,2808
2026-04-01T05:00:00+00:00,1.16721,1.16831,1.16715,1.16745,5691
2026-04-01T06:00:00+00:00,1.16745,1.16996,1.16687,1.1698,18413
2026-04-01T07:00:00+00:00,1.1698,1.17054,1.16837,1.16889,19839
2026-04-01T08:00:00+00:00,1.16889,1.17174,1.16843,1.17031,16708
2026-04-01T09:00:00+00:00,1.17031,1.17094,1.16875,1.17021,13792
2026-04-01T10:00:00+00:00,1.17021,1.17104,1.17001,1.17065,11315
2026-04-01T11:00:00+00:00,1.17065,1.17168,1.1704700000000001,1.17143,8877
2026-04-01T12:00:00+00:00,1.17143,1.17302,1.17005,1.17113,21671
2026-04-01T13:00:00+00:00,1.17113,1.17305,1.17053,1.17184,22767
2026-04-01T14:00:00+00:00,1.17184,1.17337,1.17113,1.17293,24916
2026-04-01T15:00:00+00:00,1.17293,1.17339,1.1712,1.17205,13302
2026-04-01T16:00:00+00:00,1.17205,1.17259,1.17113,1.17258,9761
2026-04-01T17:00:00+00:00,1.17258,1.17304,1.17006,1.17007,9350
2026-04-01T18:00:00+00:00,1.17007,1.17011,1.16835,1.16856,11561
2026-04-01T19:00:00+00:00,1.16856,1.1694,1.16831,1.16904,7013
2026-04-01T20:00:00+00:00,1.16904,1.16987,1.16903,1.16943,3304
2026-04-01T21:00:00+00:00,1.16943,1.16977,1.16909,1.16969,3795.904467042905
2026-04-01T22:00:00+00:00,1.16969,1.17014,1.1696499999999999,1.1697799999999998,1663
2026-04-01T23:00:00+00:00,1.1697799999999998,1.1701499999999998,1.16959,1.16966,2351
2026-04-02T00:00:00+00:00,1.16966,1.17047,1.1693699999999998,1.17024,8206
2026-04-02T01:00:00+00:00,1.17024,1.17122,1.1652399999999998,1.1659399999999998,36893
2026-04-02T02:00:00+00:00,1.1659399999999998,1.1667199999999998,1.1650999999999998,1.16536,12397
2026-04-02T03:00:00+00:00,1.16536,1.1655799999999998,1.1644599999999998,1.1646899999999998,6654
2026-04-02T04:00:00+00:00,1.1646899999999998,1.16488,1.1639,1.16437,5746
2026-04-02T05:00:00+00:00,1.16437,1.16458,1.1631699999999998,1.16322,7469
2026-04-02T06:00:00+00:00,1.16322,1.16424,1.1622199999999998,1.1641099999999998,11309
2026-04-02T07:00:00+00:00,1.1641099999999998,1.16447,1.1625499999999998,1.16393,12851
2026-04-02T08:00:00+00:00,1.16393,1.1642599999999999,1.1631099999999999,1.1632099999999999,8841
2026-04-02T09:00:00+00:00,1.1632099999999999,1.1638799999999998,1.16285,1.1632999999999998,7668
2026-04-02T10:00:00+00:00,1.1632999999999998,1.1633699999999998,1.1618,1.1619,8078
2026-04-02T11:00:00+00:00,1.1619,1.1626299999999998,1.1616,1.16244,7944
2026-04-02T12:00:00+00:00,1.16244,1.1638099999999998,1.16237,1.1631399999999998,12445
2026-04-02T13:00:00+00:00,1.1631399999999998,1.1639399999999998,1.1627199999999998,1.1638,17856
2026-04-02T14:00:00+00:00,1.1638,1.16708,1.1633499999999999,1.1658099999999998,37509
2026-04-02T15:00:00+00:00,1.1658099999999998,1.1665499999999998,1.1648399999999999,1.16519,20955
2026-04-02T16:00:00+00:00,1.16519,1.1654799999999998,1.1645899999999998,1.1645999999999999,13852
2026-04-02T17:00:00+00:00,1.1645999999999999,1.1656099999999998,1.1643199999999998,1.1644499999999998,8310
2026-04-02T18:00:00+00:00,1.1644499999999998,1.1646899999999998,1.1639899999999999,1.16431,6899.179008877401
2026-04-02T19:00:00+00:00,1.16431,1.16506,1.16403,1.1641599999999999,6722
2026-04-02T20:00:00+00:00,1.1641599999999999,1.16468,1.1639,1.1645299999999998,3191
2026-04-02T21:00:00+00:00,1.1645299999999998,1.16526,1.16404,1.16514,1018.3704805906749
2026-04-02T22:00:00+00:00,1.16514,1.16527,1.16488,1.1651,901.0951543786397
2026-04-02T23:00:00+00:00,1.1651,1.16541,1.16505,1.16525,951.6238434425535
2026-04-03T00:00:00+00:00,1.16525,1.1656199999999999,1.1649,1.16492,2895
2026-04-03T01:00:00+00:00,1.16492,1.16508,1.16447,1.16461,2725
2026-04-03T02:00:00+00:00,1.16461,1.1649399999999999,1.16431,1.16472,2385
2026-04-03T03:00:00+00:00,1.16472,1.16486,1.1645299999999998,1.16473,1158
2026-04-03T04:00:00+00:00,1.16473,1.1647399999999999,1.16449,1.16449,1884
2026-04-03T05:00:00+00:00,1.16449,1.16493,1.16404,1.16491,2106
2026-04-03T06:00:00+00:00,1.16491,1.16517,1.16461,1.16507,1746
2026-04-03T07:00:00+00:00,1.16507,1.16573,1.16506,1.16539,1948
2026-04-03T08:00:00+00:00,1.16539,1.16564,1.16512,1.1654099999999998,1836
2026-04-03T09:00:00+00:00,1.1654099999999998,1.16568,1.16517,1.16542,1968
2026-04-03T10:00:00+00:00,1.16542,1.1660199999999998,1.1653,1.16559,1703
2026-04-03T11:00:00+00:00,1.16559,1.1657899999999999,1.16519,1.16554,2916
2026-04-03T12:00:00+00:00,1.16554,1.16571,1.16271,1.16422,8929
2026-04-03T13:00:00+00:00,1.16422,1.1649699999999998,1.1638899999999999,1.16458,4045
2026-04-03T14:00:00+00:00,1.16458,1.16476,1.16319,1.16323,3578
2026-04-03T15:00:00+00:00,1.16323,1.1639,1.16307,1.16333,3758
2026-04-03T16:00:00+00:00,1.16333,1.16333,1.16296,1.16299,3576
2026-04-03T17:00:00+00:00,1.16299,1.1632799999999999,1.16293,1.16312,3123
2026-04-03T18:00:00+00:00,1.16312,1.16324,1.1624999999999999,1.16256,1934
2026-04-03T19:00:00+00:00,1.16256,1.16269,1.16249,1.16254,749.9919430579538
2026-04-03T20:00:00+00:00,1.16254,1.16385,1.16205,1.16262,981.4012883895405
2026-04-05T21:00:00+00:00,1.1520100000000002,1.1523200000000002,1.1517300000000001,1.15196,219.84573767340308
2026-04-05T22:00:00+00:00,1.15196,1.1520000000000001,1.15053,1.1515,7679
2026-04-05T23:00:00+00:00,1.1515,1.15169,1.1508500000000002,1.1509900000000002,4890.285890073831
2026-04-06T00:00:00+00:00,1.1509900000000002,1.15185,1.1509500000000001,1.1511900000000002,8031
2026-04-06T01:00:00+00:00,1.1511900000000002,1.15145,1.15064,1.1507,5456
2026-04-06T02:00:00+00:00,1.1507,1.1528800000000001,1.1507,1.1520700000000001,8759
2026-04-06T03:00:00+00:00,1.1520700000000001,1.1523400000000001,1.15172,1.15192,5141
2026-04-06T04:00:00+00:00,1.15192,1.1525100000000001,1.15186,1.1524400000000001,3596
2026-04-06T05:00:00+00:00,1.1524400000000001,1.1529800000000001,1.1523100000000002,1.1525500000000002,4042
2026-04-06T06:00:00+00:00,1.1525500000000002,1.1537700000000002,1.15222,1.1533200000000001,7461
2026-04-06T07:00:00+00:00,1.1533200000000001,1.1568900000000002,1.1525500000000002,1.15646,9733
2026-04-06T08:00:00+00:00,1.15646,1.1568900000000002,1.1554000000000002,1.1555300000000002,8824
2026-04-06T09:00:00+00:00,1.1555300000000002,1.1560700000000002,1.15477,1.1550600000000002,7016
2026-04-06T10:00:00+00:00,1.1550600000000002,1.1554300000000002,1.1537400000000002,1.1548100000000001,7745
2026-04-06T11:00:00+00:00,1.1548100000000001,1.15501,1.1540400000000002,1.1545900000000002,5437
2026-04-06T12:00:00+00:00,1.1545900000000002,1.1554700000000002,1.1542800000000002,1.15535,6863
2026-04-06T13:00:00+00:00,1.15535,1.15615,1.15494,1.15596,9095
2026-04-06T14:00:00+00:00,1.15596,1.15718,1.1542800000000002,1.15432,22913
2026-04-06T15:00:00+00:00,1.15432,1.15446,1.1535700000000002,1.1544400000000001,11271
2026-04-06T16:00:00+00:00,1.1544400000000001,1.15483,1.1542400000000002,1.15453,7073
2026-04-06T17:00:00+00:00,1.15453,1.1549,1.1534200000000001,1.1541700000000001,10376
2026-04-06T18:00:00+00:00,1.1541700000000001,1.15528,1.1539800000000002,1.1545800000000002,9712
2026-04-06T19:00:00+00:00,1.1545800000000002,1.1547,1.1540800000000002,1.15429,4918
2026-04-06T20:00:00+00:00,1.15429,1.15447,1.15396,1.1540400000000002,2889
2026-04-06T21:00:00+00:00,1.1540400000000002,1.15439,1.15371,1.1542100000000002,2218
2026-04-06T22:00:00+00:00,1.1542100000000002,1.1548,1.1542100000000002,1.15426,4030
2026-04-06T23:00:00+00:00,1.15426,1.15436,1.1539000000000001,1.15409,1564
2026-04-07T00:00:00+00:00,1.15409,1.1544100000000002,1.1536600000000001,1.1537600000000001,6606
2026-04-07T01:00:00+00:00,1.1537600000000001,1.15405,1.15274,1.1530300000000002,6492
2026-04-07T02:00:00+00:00,1.1530300000000002,1.15321,1.1524200000000002,1.1529900000000002,3874
2026-04-07T03:00:00+00:00,1.1529900000000002,1.1534900000000001,1.1529,1.1534600000000002,2641
2026-04-07T04:00:00+00:00,1.1534600000000002,1.1539000000000001,1.15331,1.1538400000000002,2935
2026-04-07T05:00:00+00:00,1.1538400000000002,1.15399,1.15304,1.15355,4534
2026-04-07T06:00:00+00:00,1.15355,1.15457,1.15328,1.1544800000000002,7552
2026-04-07T07:00:00+00:00,1.1544800000000002,1.1546200000000002,1.15369,1.15429,7142
2026-04-07T08:00:00+00:00,1.15429,1.15758,1.1542000000000001,1.15737,19327
2026-04-07T09:00:00+00:00,1.15737,1.1575600000000001,1.1562400000000002,1.1563,10212
2026-04-07T10:00:00+00:00,1.1563,1.1564,1.1545900000000002,1.15544,19752
2026-04-07T11:00:00+00:00,1.15544,1.15623,1.1548100000000001,1.1560100000000002,9837
2026-04-07T12:00:00+00:00,1.1560100000000002,1.1569900000000002,1.1553900000000001,1.15606,15055
2026-04-07T13:00:00+00:00,1.15606,1.1565200000000002,1.15561,1.1563800000000002,14453
2026-04-07T14:00:00+00:00,1.1563800000000002,1.1583800000000002,1.15585,1.15721,19296
2026-04-07T15:00:00+00:00,1.15721,1.1578700000000002,1.1566,1.15711,17739
2026-04-07T16:00:00+00:00,1.15711,1.15798,1.1569800000000001,1.15717,15416
2026-04-07T17:00:00+00:00,1.15717,1.1579700000000002,1.1566400000000001,1.15778,10433
2026-04-07T18:00:00+00:00,1.15778,1.15832,1.1571500000000001,1.15748,8495
2026-04-07T19:00:00+00:00,1.15748,1.1601800000000002,1.15731,1.1595300000000002,22097
2026-04-07T20:00:00+00:00,1.1595300000000002,1.1605200000000002,1.15927,1.15935,10076
2026-04-07T21:00:00+00:00,1.15935,1.16006,1.1590900000000002,1.1595300000000002,1238.5778264331211
2026-04-07T22:00:00+00:00,1.1595300000000002,1.1669300000000002,1.1588100000000001,1.16677,29211
2026-04-07T23:00:00+00:00,1.16677,1.1690200000000002,1.1661000000000001,1.1686,30153
2026-04-08T00:00:00+00:00,1.1686,1.1696600000000001,1.16657,1.1671600000000002,23282
2026-04-08T01:00:00+00:00,1.1671600000000002,1.1688100000000001,1.1670900000000002,1.1675200000000001,16908
2026-04-08T02:00:00+00:00,1.1675200000000001,1.1682000000000001,1.1668600000000002,1.16735,10034
2026-04-08T03:00:00+00:00,1.16735,1.16758,1.1666,1.16704,8201
2026-04-08T04:00:00+00:00,1.16704,1.1680800000000002,1.16704,1.16761,8023
2026-04-08T05:00:00+00:00,1.16761,1.17083,1.1671900000000002,1.1691200000000002,12684
2026-04-08T06:00:00+00:00,1.1691200000000002,1.1708800000000001,1.16843,1.16961,15764
2026-04-08T07:00:00+00:00,1.16961,1.1700100000000002,1.1678700000000002,1.1695200000000001,15610
2026-04-08T08:00:00+00:00,1.1695200000000001,1.1699000000000002,1.1668600000000002,1.1681000000000001,16501
2026-04-08T09:00:00+00:00,1.1681000000000001,1.1689200000000002,1.16779,1.1679300000000001,13060
2026-04-08T10:00:00+00:00,1.1679300000000001,1.16924,1.1677300000000002,1.169,10742
2026-04-08T11:00:00+00:00,1.169,1.171,1.16853,1.1700100000000002,14575
2026-04-08T12:00:00+00:00,1.1700100000000002,1.1718000000000002,1.1687900000000002,1.1713900000000002,21709
2026-04-08T13:00:00+00:00,1.1713900000000002,1.17216,1.16867,1.16941,22688
2026-04-08T14:00:00+00:00,1.16941,1.1703400000000002,1.1689300000000002,1.16941,26541
2026-04-08T15:00:00+00:00,1.16941,1.1696400000000002,1.1684100000000002,1.1686100000000001,16868
2026-04-08T16:00:00+00:00,1.1686100000000001,1.1688500000000002,1.1677000000000002,1.1681700000000002,12484
2026-04-08T17:00:00+00:00,1.1681700000000002,1.1685100000000002,1.1668600000000002,1.1674700000000002,11238
2026-04-08T18:00:00+00:00,1.1674700000000002,1.1680000000000001,1.1649500000000002,1.16501,16396
2026-04-08T19:00:00+00:00,1.16501,1.16704,1.1643200000000002,1.16677,13357
2026-04-08T20:00:00+00:00,1.16677,1.1669300000000002,1.1660300000000001,1.1662400000000002,4715
2026-04-08T21:00:00+00:00,1.1662400000000002,1.16653,1.1658700000000002,1.16638,1177.2199991540122
2026-04-08T22:00:00+00:00,1.16638,1.16675,1.16598,1.16622,2370
2026-04-08T23:00:00+00:00,1.16622,1.16631,1.16574,1.16591,2226
2026-04-09T00:00:00+00:00,1.16591,1.1661,1.16528,1.16571,7773
2026-04-09T01:00:00+00:00,1.16571,1.16635,1.16504,1.16617,6632
2026-04-09T02:00:00+00:00,1.16617,1.1667399999999999,1.16591,1.16652,4479
2026-04-09T03:00:00+00:00,1.16652,1.16668,1.16605,1.16623,4474.605908319185
2026-04-09T04:00:00+00:00,1.16623,1.1671,1.16618,1.16664,3064
2026-04-09T05:00:00+00:00,1.16664,1.16678,1.16592,1.16609,4934
2026-04-09T06:00:00+00:00,1.16609,1.16643,1.16543,1.16643,7284
2026-04-09T07:00:00+00:00,1.16643,1.16692,1.16553,1.16629,9127
2026-04-09T08:00:00+00:00,1.16629,1.16748,1.1659599999999999,1.1672,7054
2026-04-09T09:00:00+00:00,1.1672,1.16791,1.16684,1.16745,6973
2026-04-09T10:00:00+00:00,1.16745,1.1679599999999999,1.16711,1.16711,6901
2026-04-09T11:00:00+00:00,1.16711,1.16894,1.16696,1.16883,7289
2026-04-09T12:00:00+00:00,1.16883,1.169,1.16789,1.1686,9808
2026-04-09T13:00:00+00:00,1.1686,1.16952,1.16811,1.16818,12084
2026-04-09T14:00:00+00:00,1.16818,1.16881,1.16743,1.16846,13910
2026-04-09T15:00:00+00:00,1.16846,1.17071,1.16776,1.17054,21185
2026-04-09T16:00:00+00:00,1.17054,1.1714,1.1702299999999999,1.17105,11118
2026-04-09T17:00:00+00:00,1.17105,1.17233,1.171,1.17141,8753
2026-04-09T18:00:00+00:00,1.17141,1.17148,1.16974,1.16991,12003
2026-04-09T19:00:00+00:00,1.16991,1.17085,1.1697899999999999,1.17007,7002
2026-04-09T20:00:00+00:00,1.17007,1.17008,1.16953,1.16975,3143
2026-04-09T21:00:00+00:00,1.16975,1.1701100000000002,1.16943,1.1701000000000001,1309.4811833148524
2026-04-09T22:00:00+00:00,1.1701000000000001,1.17028,1.16931,1.1694600000000002,2452
2026-04-09T23:00:00+00:00,1.1694600000000002,1.1696600000000001,1.16906,1.1692,2087
2026-04-10T00:00:00+00:00,1.1692,1.16921,1.16859,1.16883,5143
2026-04-10T01:00:00+00:00,1.16883,1.16951,1.16866,1.16928,4239
2026-04-10T02:00:00+00:00,1.16928,1.16947,1.1687100000000001,1.16914,3546
2026-04-10T03:00:00+00:00,1.16914,1.16972,1.16901,1.16961,2541
2026-04-10T04:00:00+00:00,1.16961,1.1697000000000002,1.16917,1.16924,2594
2026-04-10T05:00:00+00:00,1.16924,1.1693300000000002,1.16879,1.16903,3174
2026-04-10T06:00:00+00:00,1.16903,1.16941,1.16836,1.16846,5942
2026-04-10T07:00:00+00:00,1.16846,1.16901,1.16795,1.16802,6545
2026-04-10T08:00:00+00:00,1.16802,1.16903,1.16779,1.1686400000000001,5836
2026-04-10T09:00:00+00:00,1.1686400000000001,1.1711500000000001,1.1685,1.1710800000000001,14667
2026-04-10T10:00:00+00:00,1.1710800000000001,1.17162,1.17063,1.17134,6446
2026-04-10T11:00:00+00:00,1.17134,1.1719300000000001,1.1711200000000002,1.17145,5531
2026-04-10T12:00:00+00:00,1.17145,1.1726,1.1709800000000001,1.1721300000000001,12811
2026-04-10T13:00:00+00:00,1.1721300000000001,1.1735200000000001,1.1719000000000002,1.1728100000000001,13606
2026-04-10T14:00:00+00:00,1.1728100000000001,1.1738700000000002,1.17205,1.17283,16780
2026-04-10T15:00:00+00:00,1.17283,1.1740000000000002,1.1722100000000002,1.17228,12470
2026-04-10T16:00:00+00:00,1.17228,1.1725800000000002,1.17141,1.17209,8471
2026-04-10T17:00:00+00:00,1.17209,1.17266,1.1719400000000002,1.1723800000000002,5872
2026-04-10T18:00:00+00:00,1.1723800000000002,1.1735900000000001,1.1719400000000002,1.17321,7579
2026-04-10T19:00:00+00:00,1.17321,1.1733,1.17276,1.17277,5098
2026-04-10T20:00:00+00:00,1.17277,1.17313,1.17209,1.1722800000000002,4785.567609014535
2026-04-12T21:00:00+00:00,1.1722800000000002,1.1732100000000003,1.1718000000000002,1.1721900000000003,1346.1993625819755
2026-04-12T22:00:00+00:00,1.1721900000000003,1.1730700000000003,1.1719000000000002,1.1725700000000001,9408
2026-04-12T23:00:00+00:00,1.1725700000000001,1.1728900000000002,1.1717300000000002,1.1728300000000003,5134
2026-04-13T00:00:00+00:00,1.1728300000000003,1.1741000000000001,1.17243,1.1741000000000001,7243
2026-04-13T01:00:00+00:00,1.1741000000000001,1.1743100000000002,1.17338,1.1739700000000002,6249
2026-04-13T02:00:00+00:00,1.1739700000000002,1.1743500000000002,1.1738600000000001,1.1741800000000002,3650
2026-04-13T03:00:00+00:00,1.1741800000000002,1.1742700000000001,1.1739300000000001,1.1741500000000002,3034
2026-04-13T04:00:00+00:00,1.1741500000000002,1.1743700000000001,1.1739300000000001,1.1739700000000002,2913
2026-04-13T05:00:00+00:00,1.1739700000000002,1.17426,1.1736600000000001,1.1741400000000002,4501
2026-04-13T06:00:00+00:00,1.1741400000000002,1.1748300000000003,1.1731500000000001,1.17389,8845
2026-04-13T07:00:00+00:00,1.17389,1.1753600000000002,1.17389,1.1750600000000002,7684
2026-04-13T08:00:00+00:00,1.1750600000000002,1.1750600000000002,1.1736900000000001,1.1739500000000003,7352
2026-04-13T09:00:00+00:00,1.1739500000000003,1.1746200000000002,1.1737100000000003,1.1739700000000002,6093
2026-04-13T10:00:00+00:00,1.1739700000000002,1.1748500000000002,1.1735900000000001,1.1746900000000002,5276
2026-04-13T11:00:00+00:00,1.1746900000000002,1.17531,1.1734400000000003,1.1735200000000001,8542
2026-04-13T12:00:00+00:00,1.1735200000000001,1.1752600000000002,1.1734000000000002,1.1751800000000001,8905
2026-04-13T13:00:00+00:00,1.1751800000000001,1.1765800000000002,1.1749800000000001,1.1758800000000003,15286
2026-04-13T14:00:00+00:00,1.1758800000000003,1.1774200000000001,1.1753900000000002,1.1763800000000002,15541
2026-04-13T15:00:00+00:00,1.1763800000000002,1.1765700000000001,1.1756000000000002,1.1763100000000002,11707
2026-04-13T16:00:00+00:00,1.1763100000000002,1.1784900000000003,1.1760400000000002,1.1778500000000003,17141
2026-04-13T17:00:00+00:00,1.1778500000000003,1.1791300000000002,1.1778300000000002,1.1787,7783
2026-04-13T18:00:00+00:00,1.1787,1.1819600000000001,1.1787,1.1817800000000003,10115
2026-04-13T19:00:00+00:00,1.1817800000000003,1.18185,1.1807300000000003,1.1813600000000002,6717
2026-04-13T20:00:00+00:00,1.1813600000000002,1.1816600000000002,1.1810000000000003,1.1811800000000001,3408
2026-04-13T21:00:00+00:00,1.1811800000000001,1.1812200000000004,1.1806200000000002,1.1808200000000002,1589.9760538954108
2026-04-13T22:00:00+00:00,1.1808200000000002,1.1818100000000002,1.1807200000000002,1.1815100000000003,2104
2026-04-13T23:00:00+00:00,1.1815100000000003,1.1820400000000002,1.1814500000000003,1.1820400000000002,2606
2026-04-14T00:00:00+00:00,1.1820400000000002,1.1821600000000003,1.1814700000000002,1.1820000000000004,4836
2026-04-14T01:00:00+00:00,1.1820000000000004,1.1821300000000003,1.1813200000000004,1.1813800000000003,4005
2026-04-14T02:00:00+00:00,1.1813800000000003,1.1815800000000003,1.1809800000000004,1.1814200000000004,3040
2026-04-14T03:00:00+00:00,1.1814200000000004,1.1822000000000004,1.1812600000000002,1.1820500000000003,2389
2026-04-14T04:00:00+00:00,1.1820500000000003,1.1823500000000002,1.1818200000000003,1.1820400000000002,1591
2026-04-14T05:00:00+00:00,1.1820400000000002,1.1823200000000003,1.1813100000000003,1.1817900000000003,3837
2026-04-14T06:00:00+00:00,1.1817900000000003,1.1832000000000003,1.1811800000000003,1.1831700000000003,8060
2026-04-14T07:00:00+00:00,1.1831700000000003,1.1850300000000002,1.1831000000000003,1.1833600000000004,13710
2026-04-14T08:00:00+00:00,1.1833600000000004,1.1838200000000003,1.1828700000000003,1.1836300000000004,8381
2026-04-14T09:00:00+00:00,1.1836300000000004,1.1846200000000002,1.1835500000000003,1.1842400000000004,6318
2026-04-14T10:00:00+00:00,1.1842400000000004,1.1852500000000004,1.1841800000000002,1.1850100000000003,6906
2026-04-14T11:00:00+00:00,1.1850100000000003,1.1859700000000004,1.1849000000000003,1.1853100000000003,8531
2026-04-14T12:00:00+00:00,1.1853100000000003,1.1859200000000003,1.1846300000000003,1.1858300000000004,13151
2026-04-14T13:00:00+00:00,1.1858300000000004,1.1861300000000004,1.1847100000000004,1.1853000000000002,13592
2026-04-14T14:00:00+00:00,1.1853000000000002,1.1864700000000004,1.1846800000000004,1.1862400000000004,14252
2026-04-14T15:00:00+00:00,1.1862400000000004,1.1862400000000004,1.1841100000000002,1.1844000000000003,13127
2026-04-14T16:00:00+00:00,1.1844000000000003,1.1850700000000003,1.1841900000000003,1.1847700000000003,6274
2026-04-14T17:00:00+00:00,1.1847700000000003,1.1853200000000004,1.1845400000000004,1.1849300000000003,5055
2026-04-14T18:00:00+00:00,1.1849300000000003,1.1850600000000002,1.1844100000000004,1.1846600000000003,7146
2026-04-14T19:00:00+00:00,1.1846600000000003,1.1849100000000004,1.1844200000000003,1.1845500000000002,4279
2026-04-14T20:00:00+00:00,1.1845500000000002,1.1849900000000002,1.1845000000000003,1.1849000000000003,2294
2026-04-14T21:00:00+00:00,1.1849000000000003,1.1849000000000003,1.1841600000000003,1.1843700000000001,825.7234152485967
2026-04-14T22:00:00+00:00,1.1843700000000001,1.1853300000000002,1.1843500000000002,1.1849000000000003,2005
2026-04-14T23:00:00+00:00,1.1849000000000003,1.1855700000000002,1.1848200000000002,1.1852100000000003,3713
2026-04-15T00:00:00+00:00,1.1852100000000003,1.1852500000000001,1.1843200000000003,1.1847800000000002,5803
2026-04-15T01:00:00+00:00,1.1847800000000002,1.1850600000000002,1.1843500000000002,1.1844500000000002,5461
2026-04-15T02:00:00+00:00,1.1844500000000002,1.1844600000000003,1.1832700000000003,1.1837400000000002,3474
2026-04-15T03:00:00+00:00,1.1837400000000002,1.1843100000000002,1.1834000000000002,1.1841000000000002,2783
2026-04-15T04:00:00+00:00,1.1841000000000002,1.1843400000000002,1.1840200000000003,1.1842400000000002,2069
2026-04-15T05:00:00+00:00,1.1842400000000002,1.1852200000000002,1.1842200000000003,1.1845900000000003,5880
2026-04-15T06:00:00+00:00,1.1845900000000003,1.1853200000000002,1.1837600000000001,1.1838100000000003,7382
2026-04-15T07:00:00+00:00,1.1838100000000003,1.1844400000000002,1.1836600000000002,1.1839500000000003,8382
2026-04-15T08:00:00+00:00,1.1839500000000003,1.1849200000000002,1.1839200000000003,1.1843100000000002,7268
2026-04-15T09:00:00+00:00,1.1843100000000002,1.1845300000000003,1.1829200000000002,1.1835500000000003,11748
2026-04-15T10:00:00+00:00,1.1835500000000003,1.1840400000000002,1.1825800000000002,1.1830800000000001,12492
2026-04-15T11:00:00+00:00,1.1830800000000001,1.1838400000000002,1.1826800000000002,1.1836800000000003,9687
2026-04-15T12:00:00+00:00,1.1836800000000003,1.1846700000000001,1.18311,1.1841900000000003,9643
2026-04-15T13:00:00+00:00,1.1841900000000003,1.1851200000000002,1.1837800000000003,1.1841800000000002,11505
2026-04-15T14:00:00+00:00,1.1841800000000002,1.1854100000000003,1.1838200000000003,1.1850500000000002,12076
2026-04-15T15:00:00+00:00,1.1850500000000002,1.1861900000000003,1.1848500000000002,1.1851900000000002,11963
2026-04-15T16:00:00+00:00,1.1851900000000002,1.1856600000000002,1.1851300000000002,1.1854700000000002,8018
2026-04-15T17:00:00+00:00,1.1854700000000002,1.1855800000000003,1.1846500000000002,1.1848700000000003,4566
2026-04-15T18:00:00+00:00,1.1848700000000003,1.1855700000000002,1.1847500000000002,1.1854300000000002,7053
2026-04-15T19:00:00+00:00,1.1854300000000002,1.1858600000000001,1.1852500000000001,1.1853600000000002,4687
2026-04-15T20:00:00+00:00,1.1853600000000002,1.1854900000000002,1.1849300000000003,1.1852700000000003,3162
2026-04-15T21:00:00+00:00,1.1852700000000003,1.1856500000000008,1.1848800000000006,1.1849900000000007,2017.027253466291
2026-04-15T22:00:00+00:00,1.1849900000000007,1.1856000000000007,1.1849800000000006,1.1855200000000006,1694
2026-04-15T23:00:00+00:00,1.1855200000000006,1.1860800000000005,1.1855200000000006,1.1859600000000006,1638.0447833847152
2026-04-16T00:00:00+00:00,1.1859600000000006,1.1861400000000004,1.1855700000000005,1.1860200000000005,4134
2026-04-16T01:00:00+00:00,1.1860200000000005,1.1862200000000005,1.1849800000000006,1.1855500000000005,4572
2026-04-16T02:00:00+00:00,1.1855500000000005,1.1870500000000006,1.1854900000000006,1.1870000000000005,4810
2026-04-16T03:00:00+00:00,1.1870000000000005,1.1876800000000005,1.1865100000000006,1.1865900000000005,4460
2026-04-16T04:00:00+00:00,1.1865900000000005,1.1866000000000005,1.1861200000000005,1.1862300000000006,2571
2026-04-16T05:00:00+00:00,1.1862300000000006,1.1863000000000006,1.1855900000000006,1.1857200000000006,3991
2026-04-16T06:00:00+00:00,1.1857200000000006,1.1859800000000005,1.1846500000000004,1.1856100000000005,6640
2026-04-16T07:00:00+00:00,1.1856100000000005,1.1857700000000004,1.1843800000000004,1.1844500000000004,9173
2026-04-16T08:00:00+00:00,1.1844500000000004,1.1846900000000005,1.1829400000000005,1.1839000000000006,9202
2026-04-16T09:00:00+00:00,1.1839000000000006,1.1840600000000006,1.1829800000000006,1.1832500000000006,6564
2026-04-16T10:00:00+00:00,1.1832500000000006,1.1833400000000005,1.1825500000000004,1.1832700000000005,4825
2026-04-16T11:00:00+00:00,1.1832700000000005,1.1841600000000005,1.1832700000000005,1.1836900000000006,6402
2026-04-16T12:00:00+00:00,1.1836900000000006,1.1837600000000006,1.1828900000000004,1.1834400000000005,8173
2026-04-16T13:00:00+00:00,1.1834400000000005,1.1836600000000006,1.1819800000000005,1.1825400000000006,12240
2026-04-16T14:00:00+00:00,1.1825400000000006,1.1835100000000005,1.1821900000000005,1.1824600000000005,15564
2026-04-16T15:00:00+00:00,1.1824600000000005,1.1835100000000005,1.1822900000000005,1.1835000000000004,12976
2026-04-16T16:00:00+00:00,1.1835000000000004,1.1840200000000005,1.1821700000000006,1.1827900000000005,11162
2026-04-16T17:00:00+00:00,1.1827900000000005,1.1828500000000006,1.1821100000000004,1.1826500000000004,6908
2026-04-16T18:00:00+00:00,1.1826500000000004,1.1834000000000005,1.1826100000000006,1.1832600000000004,7080
2026-04-16T19:00:00+00:00,1.1832600000000004,1.1838700000000004,1.1832600000000004,1.1834100000000005,5016
2026-04-16T20:00:00+00:00,1.1834100000000005,1.1836400000000005,1.1831500000000006,1.1834100000000005,2510
2026-04-16T21:00:00+00:00,1.1834100000000005,1.1834100000000005,1.1827600000000005,1.1830800000000006,661.7946160989449
2026-04-16T22:00:00+00:00,1.1830800000000006,1.1840000000000006,1.1830800000000006,1.1838200000000005,1584
2026-04-16T23:00:00+00:00,1.1838200000000005,1.1839400000000004,1.1833700000000005,1.1834200000000006,1972
2026-04-17T00:00:00+00:00,1.1834200000000006,1.1836100000000005,1.1830100000000006,1.1832000000000005,5542
2026-04-17T01:00:00+00:00,1.1832000000000005,1.1832800000000006,1.1827500000000004,1.1829000000000005,4402
2026-04-17T02:00:00+00:00,1.1829000000000005,1.1830700000000005,1.1825900000000005,1.1830100000000006,2751
2026-04-17T03:00:00+00:00,1.1830100000000006,1.1838200000000005,1.1828400000000006,1.1836300000000006,2568
2026-04-17T04:00:00+00:00,1.1836300000000006,1.1837300000000006,1.1834500000000006,1.1835700000000005,2381
2026-04-17T05:00:00+00:00,1.1835700000000005,1.1837400000000005,1.1832800000000006,1.1833600000000004,3821
2026-04-17T06:00:00+00:00,1.1833600000000004,1.1836000000000004,1.1825200000000005,1.1827900000000005,6356
2026-04-17T07:00:00+00:00,1.1827900000000005,1.1836200000000006,1.1827900000000005,1.1835100000000005,7779
2026-04-17T08:00:00+00:00,1.1835100000000005,1.1848500000000006,1.1833800000000005,1.1846800000000006,6682
2026-04-17T09:00:00+00:00,1.1846800000000006,1.1852200000000006,1.1843900000000005,1.1846300000000005,6472
2026-04-17T10:00:00+00:00,1.1846300000000005,1.1848900000000004,1.1844200000000005,1.1847400000000006,4829
2026-04-17T11:00:00+00:00,1.1847400000000006,1.1852300000000004,1.1845000000000006,1.1846600000000005,5683
2026-04-17T12:00:00+00:00,1.1846600000000005,1.1890300000000005,1.1846300000000005,1.1888100000000006,24628
2026-04-17T13:00:00+00:00,1.1888100000000006,1.1902100000000004,1.1876900000000006,1.1886600000000005,35990
2026-04-17T14:00:00+00:00,1.1886600000000005,1.1888800000000006,1.1866100000000006,1.1866600000000005,23736
2026-04-17T15:00:00+00:00,1.1866600000000005,1.1869500000000006,1.1852700000000005,1.1853600000000004,21326
2026-04-17T16:00:00+00:00,1.1853600000000004,1.1857700000000004,1.1844800000000004,1.1851800000000006,11704
2026-04-17T17:00:00+00:00,1.1851800000000006,1.1851800000000006,1.1837700000000004,1.1848300000000005,13498
2026-04-17T18:00:00+00:00,1.1848300000000005,1.1850700000000005,1.1827100000000006,1.1832800000000006,10439
2026-04-17T19:00:00+00:00,1.1832800000000006,1.1836700000000004,1.1819900000000005,1.1821900000000005,7589
2026-04-17T20:00:00+00:00,1.1821900000000005,1.1824800000000004,1.1812200000000006,1.1815600000000004,4477.918035452919
2026-04-19T21:00:00+00:00,1.1815600000000004,1.1821600000000003,1.1809600000000005,1.1810200000000004,1224.5526061336423
2026-04-19T22:00:00+00:00,1.1810200000000004,1.1820900000000003,1.1808600000000005,1.1820700000000004,6642
2026-04-19T23:00:00+00:00,1.1820700000000004,1.1826400000000004,1.1817300000000004,1.1819700000000004,5270
2026-04-20T00:00:00+00:00,1.1819700000000004,1.1837900000000003,1.1817800000000003,1.1835200000000003,9091
2026-04-20T01:00:00+00:00,1.1835200000000003,1.1840600000000003,1.1831500000000004,1.1837600000000004,6382
2026-04-20T02:00:00+00:00,1.1837600000000004,1.1842400000000004,1.1835500000000003,1.1837800000000003,3491
2026-04-20T03:00:00+00:00,1.1837800000000003,1.1843400000000004,1.1835500000000003,1.1841000000000004,3076
2026-04-20T04:00:00+00:00,1.1841000000000004,1.1843000000000004,1.1837100000000003,1.1839900000000003,2936
2026-04-20T05:00:00+00:00,1.1839900000000003,1.1841700000000004,1.1827900000000005,1.1834000000000005,5690
2026-04-20T06:00:00+00:00,1.1834000000000005,1.1846500000000004,1.1828400000000003,1.1845800000000004,11507
2026-04-20T07:00:00+00:00,1.1845800000000004,1.1852700000000003,1.1834500000000003,1.1840200000000003,12230
2026-04-20T08:00:00+00:00,1.1840200000000003,1.1845600000000003,1.1837500000000003,1.1841900000000003,8893
2026-04-20T09:00:00+00:00,1.1841900000000003,1.1846600000000003,1.1836000000000004,1.1846300000000003,7283
2026-04-20T10:00:00+00:00,1.1846300000000003,1.1852200000000004,1.1843200000000003,1.1851500000000004,6304
2026-04-20T11:00:00+00:00,1.1851500000000004,1.1856400000000005,1.1846200000000005,1.1847800000000004,7222
2026-04-20T12:00:00+00:00,1.1847800000000004,1.1849100000000004,1.1836700000000004,1.1845900000000003,8810
2026-04-20T13:00:00+00:00,1.1845900000000003,1.1862500000000005,1.1842000000000004,1.1856000000000004,15419
2026-04-20T14:00:00+00:00,1.1856000000000004,1.1858900000000003,1.1843000000000004,1.1852700000000003,18150
2026-04-20T15:00:00+00:00,1.1852700000000003,1.1870400000000003,1.1849300000000003,1.1864900000000003,16533
2026-04-20T16:00:00+00:00,1.1864900000000003,1.1869000000000003,1.1862600000000003,1.1866600000000003,6489
2026-04-20T17:00:00+00:00,1.1866600000000003,1.1871100000000003,1.1862300000000003,1.1864700000000004,5534
2026-04-20T18:00:00+00:00,1.1864700000000004,1.1870500000000004,1.1859600000000003,1.1860900000000003,7827
2026-04-20T19:00:00+00:00,1.1860900000000003,1.1869700000000003,1.1860500000000003,1.1866900000000005,4419
2026-04-20T20:00:00+00:00,1.1866900000000005,1.1869600000000005,1.1864500000000002,1.1869100000000001,2951.5818786367417
2026-04-20T21:00:00+00:00,1.1869100000000001,1.1869100000000001,1.1863200000000003,1.1866400000000001,1407.6315951127667
2026-04-20T22:00:00+00:00,1.1866400000000001,1.1871500000000001,1.1866300000000003,1.1871500000000001,2964
2026-04-20T23:00:00+00:00,1.1871500000000001,1.1872000000000003,1.1864200000000003,1.1865100000000002,1907
2026-04-21T00:00:00+00:00,1.1865100000000002,1.1866400000000001,1.1861700000000002,1.1863700000000001,6205
2026-04-21T01:00:00+00:00,1.1863700000000001,1.1867100000000002,1.1860400000000002,1.1861300000000001,4212
2026-04-21T02:00:00+00:00,1.1861300000000001,1.1863200000000003,1.1857800000000003,1.1860200000000003,2764
2026-04-21T03:00:00+00:00,1.1860200000000003,1.1860600000000001,1.1854300000000002,1.1856500000000003,2848
2026-04-21T04:00:00+00:00,1.1856500000000003,1.1857600000000001,1.1855000000000002,1.1856500000000003,2381
2026-04-21T05:00:00+00:00,1.1856500000000003,1.1863100000000002,1.1856100000000003,1.1859100000000002,4644
2026-04-21T06:00:00+00:00,1.1859100000000002,1.1861100000000002,1.1852900000000002,1.1855600000000002,7027
2026-04-21T07:00:00+00:00,1.1855600000000002,1.1858000000000002,1.1844400000000002,1.1845100000000002,9025
2026-04-21T08:00:00+00:00,1.1845100000000002,1.1847900000000002,1.1837900000000001,1.1846100000000002,9729
2026-04-21T09:00:00+00:00,1.1846100000000002,1.1846200000000002,1.1837500000000003,1.1840400000000002,6855
2026-04-21T10:00:00+00:00,1.1840400000000002,1.1842400000000002,1.1837400000000002,1.1841900000000003,5788
2026-04-21T11:00:00+00:00,1.1841900000000003,1.18494,1.1837100000000003,1.1848100000000001,8099
2026-04-21T12:00:00+00:00,1.1848100000000001,1.1849300000000003,1.1835000000000002,1.1840100000000002,10881
2026-04-21T13:00:00+00:00,1.1840100000000002,1.1852500000000001,1.1838800000000003,1.1846600000000003,10275
2026-04-21T14:00:00+00:00,1.1846600000000003,1.1856900000000001,1.18328,1.1833300000000002,15938
2026-04-21T15:00:00+00:00,1.1833300000000002,1.1840600000000001,1.1822100000000002,1.1832300000000002,16149
2026-04-21T16:00:00+00:00,1.1832300000000002,1.1836600000000002,1.1821300000000001,1.1822500000000002,9374
2026-04-21T17:00:00+00:00,1.1822500000000002,1.1844500000000002,1.1801100000000002,1.1823800000000002,21473
2026-04-21T18:00:00+00:00,1.1823800000000002,1.1828100000000001,1.1810300000000002,1.18216,14673
2026-04-21T19:00:00+00:00,1.18216,1.1833200000000001,1.1799700000000002,1.1806600000000003,22886
2026-04-21T20:00:00+00:00,1.1806600000000003,1.1834200000000001,1.1804300000000003,1.1823400000000002,13914
2026-04-21T21:00:00+00:00,1.1823400000000002,1.1831000000000003,1.18128,1.1820700000000002,1576.6633608476038
2026-04-21T22:00:00+00:00,1.1820700000000002,1.1824200000000002,1.1819600000000001,1.1819700000000002,1878
2026-04-21T23:00:00+00:00,1.1819700000000002,1.1825100000000002,1.1818200000000003,1.1825,1839
2026-04-22T00:00:00+00:00,1.1825,1.1832200000000002,1.1824000000000001,1.1824800000000002,6396
2026-04-22T01:00:00+00:00,1.1824800000000002,1.1827900000000002,1.1819600000000001,1.1825500000000002,4882
2026-04-22T02:00:00+00:00,1.1825500000000002,1.1829300000000003,1.18206,1.1821500000000003,3337
2026-04-22T03:00:00+00:00,1.1821500000000003,1.1823400000000002,1.1818600000000001,1.1819400000000002,2701
2026-04-22T04:00:00+00:00,1.1819400000000002,1.1823400000000002,1.1819200000000003,1.1820400000000002,2281
2026-04-22T05:00:00+00:00,1.1820400000000002,1.1843400000000002,1.1820000000000002,1.1831300000000002,8502
2026-04-22T06:00:00+00:00,1.1831300000000002,1.1836100000000003,1.1825800000000002,1.1830300000000002,6684
2026-04-22T07:00:00+00:00,1.1830300000000002,1.1837300000000002,1.1826900000000002,1.1836300000000002,7487
2026-04-22T08:00:00+00:00,1.1836300000000002,1.1840100000000002,1.1828400000000001,1.1834600000000002,8284
2026-04-22T09:00:00+00:00,1.1834600000000002,1.1838300000000002,1.1827400000000001,1.1828500000000002,6691
2026-04-22T10:00:00+00:00,1.1828500000000002,1.1834200000000001,1.1824700000000001,1.1832500000000001,6230
2026-04-22T11:00:00+00:00,1.1832500000000001,1.1832500000000001,1.1812900000000002,1.1815600000000002,8598
2026-04-22T12:00:00+00:00,1.1815600000000002,1.1818600000000001,1.1805900000000003,1.1808600000000002,9882
2026-04-22T13:00:00+00:00,1.1808600000000002,1.1824100000000002,1.1804700000000001,1.1821700000000002,16229
2026-04-22T14:00:00+00:00,1.1821700000000002,1.1824100000000002,1.1799300000000001,1.1799500000000003,14135
2026-04-22T15:00:00+00:00,1.1799500000000003,1.1804900000000003,1.1793400000000003,1.1794200000000001,11067
2026-04-22T16:00:00+00:00,1.1794200000000001,1.1796600000000002,1.1790900000000002,1.1793700000000003,7048
2026-04-22T17:00:00+00:00,1.1793700000000003,1.1797800000000003,1.1790900000000002,1.1791300000000002,6707
2026-04-22T18:00:00+00:00,1.1791300000000002,1.1793800000000003,1.1788500000000002,1.1789800000000001,4678
2026-04-22T19:00:00+00:00,1.1789800000000001,1.1792200000000002,1.1785900000000002,1.1786600000000003,5014
2026-04-22T20:00:00+00:00,1.1786600000000003,1.1788700000000003,1.1784000000000001,1.1785500000000002,3488
2026-04-22T21:00:00+00:00,1.1785500000000002,1.1789000000000003,1.1784200000000002,1.1788400000000003,612.7377901535765
2026-04-22T22:00:00+00:00,1.1788400000000003,1.1790000000000003,1.1786000000000003,1.1787100000000004,1078
2026-04-22T23:00:00+00:00,1.1787100000000004,1.1788200000000006,1.1785700000000008,1.1786700000000008,1318.2098040470155
2026-04-23T00:00:00+00:00,1.1786700000000008,1.1794700000000007,1.1773200000000008,1.1792700000000007,16621
2026-04-23T01:00:00+00:00,1.1792700000000007,1.1794100000000007,1.1788700000000008,1.1790200000000006,5905
2026-04-23T02:00:00+00:00,1.1790200000000006,1.1791500000000008,1.1776900000000008,1.1778500000000007,6154
2026-04-23T03:00:00+00:00,1.1778500000000007,1.1782800000000007,1.1775900000000008,1.1776600000000008,5744
2026-04-23T04:00:00+00:00,1.1776600000000008,1.1781700000000008,1.1776200000000008,1.1781200000000007,3040
2026-04-23T05:00:00+00:00,1.1781200000000007,1.1788100000000008,1.1780500000000007,1.1788100000000008,3927
2026-04-23T06:00:00+00:00,1.1788100000000008,1.1790100000000008,1.1783100000000006,1.1784600000000007,5867
2026-04-23T07:00:00+00:00,1.1784600000000007,1.1793100000000007,1.1775600000000006,1.1783500000000007,10484
2026-04-23T08:00:00+00:00,1.1783500000000007,1.1786200000000007,1.1777500000000007,1.1782700000000008,8377
2026-04-23T09:00:00+00:00,1.1782700000000008,1.1783400000000006,1.1771400000000007,1.1774800000000007,8588
2026-04-23T10:00:00+00:00,1.1774800000000007,1.1777200000000008,1.1760700000000006,1.1763200000000007,7342
2026-04-23T11:00:00+00:00,1.1763200000000007,1.1778800000000007,1.1760000000000008,1.1771700000000007,9903
2026-04-23T12:00:00+00:00,1.1771700000000007,1.1779200000000007,1.1767100000000008,1.1773000000000007,16226
2026-04-23T13:00:00+00:00,1.1773000000000007,1.1777800000000007,1.1763500000000007,1.1772100000000008,13531
2026-04-23T14:00:00+00:00,1.1772100000000008,1.1797600000000008,1.1768300000000007,1.1791900000000006,14920
2026-04-23T15:00:00+00:00,1.1791900000000006,1.1796600000000008,1.1781800000000007,1.1784400000000008,13010
2026-04-23T16:00:00+00:00,1.1784400000000008,1.1786600000000007,1.1779400000000007,1.1783200000000007,7655
2026-04-23T17:00:00+00:00,1.1783200000000007,1.1783800000000006,1.1750200000000006,1.1773900000000008,34269
2026-04-23T18:00:00+00:00,1.1773900000000008,1.1781100000000007,1.1769300000000007,1.1770200000000006,16254
2026-04-23T19:00:00+00:00,1.1770200000000006,1.1771300000000007,1.1761400000000006,1.1767500000000006,9181
2026-04-23T20:00:00+00:00,1.1767500000000006,1.1767800000000008,1.1761700000000008,1.1764300000000008,3583
2026-04-23T21:00:00+00:00,1.1764300000000008,1.1769100000000008,1.1757500000000007,1.1764100000000006,1788.5595935942947
2026-04-23T22:00:00+00:00,1.1764100000000006,1.1767800000000008,1.1764100000000006,1.1767200000000007,1026
2026-04-23T23:00:00+00:00,1.1767200000000007,1.1767300000000007,1.1763100000000006,1.1764600000000007,1435
2026-04-24T00:00:00+00:00,1.1764600000000007,1.1769500000000006,1.1762900000000007,1.1766300000000007,5628
2026-04-24T01:00:00+00:00,1.1766300000000007,1.1769800000000008,1.1763300000000008,1.1769600000000007,5074
2026-04-24T02:00:00+00:00,1.1769600000000007,1.1770400000000008,1.1759200000000007,1.1760200000000007,3809
2026-04-24T03:00:00+00:00,1.1760200000000007,1.1761200000000007,1.1754000000000007,1.1759000000000006,3650
2026-04-24T04:00:00+00:00,1.1759000000000006,1.1762800000000007,1.1757500000000007,1.1760200000000007,3356
2026-04-24T05:00:00+00:00,1.1760200000000007,1.1764200000000007,1.1757600000000008,1.1763100000000006,3782
2026-04-24T06:00:00+00:00,1.1763100000000006,1.1764800000000006,1.1758300000000008,1.1759600000000008,5803
2026-04-24T07:00:00+00:00,1.1759600000000008,1.1775000000000007,1.1757100000000007,1.1771600000000007,6463
2026-04-24T08:00:00+00:00,1.1771600000000007,1.1777000000000006,1.1764900000000007,1.1770800000000008,9707
2026-04-24T09:00:00+00:00,1.1770800000000008,1.1772000000000007,1.1765100000000006,1.1767500000000006,5877
2026-04-24T10:00:00+00:00,1.1767500000000006,1.1784600000000007,1.1766600000000007,1.1784300000000008,5994
2026-04-24T11:00:00+00:00,1.1784300000000008,1.1799600000000008,1.1783800000000006,1.1795700000000007,18352
2026-04-24T12:00:00+00:00,1.1795700000000007,1.1798500000000007,1.1783700000000008,1.1789800000000008,11677
2026-04-24T13:00:00+00:00,1.1789800000000008,1.1793700000000007,1.1779700000000006,1.1787500000000006,13263
2026-04-24T14:00:00+00:00,1.1787500000000006,1.1798000000000006,1.1781200000000007,1.1787200000000007,18185
2026-04-24T15:00:00+00:00,1.1787200000000007,1.1800800000000007,1.1781600000000008,1.1798600000000008,15430
2026-04-24T16:00:00+00:00,1.1798600000000008,1.1800800000000007,1.1794000000000007,1.1800200000000007,9151
2026-04-24T17:00:00+00:00,1.1800200000000007,1.1802200000000007,1.1793100000000007,1.1794600000000006,7938
2026-04-24T18:00:00+00:00,1.1794600000000006,1.1800700000000006,1.1792200000000008,1.1798800000000007,5072
2026-04-24T19:00:00+00:00,1.1798800000000007,1.1802000000000008,1.1796500000000008,1.1799700000000006,5424
2026-04-24T20:00:00+00:00,1.1799700000000006,1.1804100000000006,1.1796700000000007,1.1798200000000008,3677.4499338675796
2026-04-26T21:00:00+00:00,1.1798200000000008,1.1820400000000006,1.1798200000000008,1.1815700000000005,616.1384662203344
2026-04-26T22:00:00+00:00,1.1815700000000005,1.1823600000000005,1.1815700000000005,1.1819400000000004,2258
2026-04-26T23:00:00+00:00,1.1819400000000004,1.1821100000000004,1.1816700000000004,1.1816900000000006,1468
2026-04-27T00:00:00+00:00,1.1816900000000006,1.1828700000000005,1.1816900000000006,1.1827500000000004,4634
2026-04-27T01:00:00+00:00,1.1827500000000004,1.1838400000000004,1.1827500000000004,1.1836000000000004,8461
2026-04-27T02:00:00+00:00,1.1836000000000004,1.1839800000000005,1.1831100000000006,1.1838000000000004,3897
2026-04-27T03:00:00+00:00,1.1838000000000004,1.1844000000000006,1.1837900000000006,1.1840900000000005,3147
2026-04-27T04:00:00+00:00,1.1840900000000005,1.1843100000000004,1.1836700000000004,1.1838200000000005,3199
2026-04-27T05:00:00+00:00,1.1838200000000005,1.1839500000000005,1.1833600000000004,1.1834000000000005,3782
2026-04-27T06:00:00+00:00,1.1834000000000005,1.1841300000000006,1.1828200000000004,1.1841200000000005,6739
2026-04-27T07:00:00+00:00,1.1841200000000005,1.1856800000000005,1.1840700000000004,1.1855600000000004,6876
2026-04-27T08:00:00+00:00,1.1855600000000004,1.1862400000000004,1.1850700000000005,1.1860000000000004,8576
2026-04-27T09:00:00+00:00,1.1860000000000004,1.1862500000000005,1.1852600000000004,1.1853800000000005,5426
2026-04-27T10:00:00+00:00,1.1853800000000005,1.1859500000000005,1.1850400000000005,1.1857600000000006,4575
2026-04-27T11:00:00+00:00,1.1857600000000006,1.1858700000000004,1.1849300000000005,1.1852800000000006,5517
2026-04-27T12:00:00+00:00,1.1852800000000006,1.1866500000000004,1.1852300000000004,1.1855900000000006,9245
2026-04-27T13:00:00+00:00,1.1855900000000006,1.1865600000000005,1.1847200000000004,1.1851500000000006,12830
2026-04-27T14:00:00+00:00,1.1851500000000006,1.1859700000000004,1.1844700000000006,1.1847600000000005,12074
2026-04-27T15:00:00+00:00,1.1847600000000005,1.1848400000000006,1.1840800000000005,1.1842300000000006,9042
2026-04-27T16:00:00+00:00,1.1842300000000006,1.1845400000000006,1.1836700000000004,1.1837500000000005,5604
2026-04-27T17:00:00+00:00,1.1837500000000005,1.1841500000000005,1.1831600000000004,1.1834700000000005,6104
2026-04-27T18:00:00+00:00,1.1834700000000005,1.1836400000000005,1.1830400000000005,1.1831600000000004,3816
2026-04-27T19:00:00+00:00,1.1831600000000004,1.1837400000000005,1.1830700000000005,1.1832300000000004,4004
2026-04-27T20:00:00+00:00,1.1832300000000004,1.1834800000000005,1.1830900000000004,1.1830900000000004,2055
2026-04-27T21:00:00+00:00,1.1830900000000004,1.1833900000000004,1.1829500000000004,1.1832300000000004,945.095494102148
2026-04-27T22:00:00+00:00,1.1832300000000004,1.1835800000000003,1.1831700000000005,1.1835000000000004,1580
2026-04-27T23:00:00+00:00,1.1835000000000004,1.1836000000000004,1.1834100000000003,1.1835800000000003,1185
2026-04-28T00:00:00+00:00,1.1835800000000003,1.1839700000000004,1.1829800000000004,1.1831600000000004,5481
2026-04-28T01:00:00+00:00,1.1831600000000004,1.1831600000000004,1.1825000000000003,1.1825500000000004,4530
2026-04-28T02:00:00+00:00,1.1825500000000004,1.1826500000000004,1.1820600000000003,1.1821200000000003,3212
2026-04-28T03:00:00+00:00,1.1821200000000003,1.1830600000000004,1.1820900000000003,1.1826000000000003,4825
2026-04-28T04:00:00+00:00,1.1826000000000003,1.1829100000000004,1.1824400000000004,1.1825200000000005,2451
2026-04-28T05:00:00+00:00,1.1825200000000005,1.1826200000000004,1.1818100000000005,1.1818800000000005,4318
2026-04-28T06:00:00+00:00,1.1818800000000005,1.1820900000000003,1.1799800000000005,1.1800100000000004,9195
2026-04-28T07:00:00+00:00,1.1800100000000004,1.1813600000000004,1.1798700000000004,1.1809300000000005,10429
2026-04-28T08:00:00+00:00,1.1809300000000005,1.1820500000000005,1.1807600000000005,1.1815000000000004,10658
2026-04-28T09:00:00+00:00,1.1815000000000004,1.1815000000000004,1.1799100000000005,1.1805000000000003,8842
2026-04-28T10:00:00+00:00,1.1805000000000003,1.1808500000000004,1.1803100000000004,1.1806000000000003,7256
2026-04-28T11:00:00+00:00,1.1806000000000003,1.1812200000000004,1.1794800000000003,1.1795700000000005,11222
2026-04-28T12:00:00+00:00,1.1795700000000005,1.1812700000000005,1.1790100000000003,1.1809700000000003,14731
2026-04-28T13:00:00+00:00,1.1809700000000003,1.1816500000000003,1.1801200000000003,1.1810000000000005,14902
2026-04-28T14:00:00+00:00,1.1810000000000005,1.1816000000000004,1.1803300000000003,1.1813600000000004,17962
2026-04-28T15:00:00+00:00,1.1813600000000004,1.1828500000000004,1.1813600000000004,1.1826400000000004,13109
2026-04-28T16:00:00+00:00,1.1826400000000004,1.1829800000000004,1.1818200000000003,1.1823200000000005,7472
2026-04-28T17:00:00+00:00,1.1823200000000005,1.1830400000000003,1.1819300000000004,1.1826400000000004,5805
2026-04-28T18:00:00+00:00,1.1826400000000004,1.1828900000000004,1.1824000000000003,1.1824500000000004,5771
2026-04-28T19:00:00+00:00,1.1824500000000004,1.1828000000000003,1.1819800000000005,1.1822500000000005,4105
2026-04-28T20:00:00+00:00,1.1822500000000005,1.1827900000000005,1.1822100000000004,1.1824700000000004,2438
2026-04-28T21:00:00+00:00,1.1824700000000004,1.1827000000000003,1.1820700000000004,1.1823600000000003,319.65459429625645
2026-04-28T22:00:00+00:00,1.1823600000000003,1.1830400000000003,1.1823600000000003,1.1827800000000002,1971.5323965651835
2026-04-28T23:00:00+00:00,1.1827800000000002,1.1829700000000003,1.1827300000000003,1.1829700000000003,964
2026-04-29T00:00:00+00:00,1.1829700000000003,1.1832700000000003,1.1826600000000003,1.1827700000000003,3364
2026-04-29T01:00:00+00:00,1.1827700000000003,1.1828300000000003,1.1819200000000003,1.1824100000000002,7427
2026-04-29T02:00:00+00:00,1.1824100000000002,1.1829000000000003,1.1819300000000001,1.1819700000000002,4052
2026-04-29T03:00:00+00:00,1.1819700000000002,1.1822800000000002,1.1817200000000003,1.1818100000000002,2738
2026-04-29T04:00:00+00:00,1.1818100000000002,1.1819800000000003,1.1816700000000002,1.1817700000000002,1557
2026-04-29T05:00:00+00:00,1.1817700000000002,1.1817900000000001,1.1810200000000002,1.1812700000000003,3342
2026-04-29T06:00:00+00:00,1.1812700000000003,1.1816300000000002,1.1808500000000002,1.1812100000000003,5900
2026-04-29T07:00:00+00:00,1.1812100000000003,1.1820400000000002,1.1810300000000002,1.1817400000000002,7377
2026-04-29T08:00:00+00:00,1.1817400000000002,1.1817800000000003,1.1805700000000001,1.1812200000000002,8951
2026-04-29T09:00:00+00:00,1.1812200000000002,1.1816700000000002,1.1808200000000002,1.1809700000000003,6524
2026-04-29T10:00:00+00:00,1.1809700000000003,1.1821500000000003,1.1808600000000002,1.1821300000000001,5378
2026-04-29T11:00:00+00:00,1.1821300000000001,1.1821800000000002,1.1811800000000001,1.1813100000000003,7153
2026-04-29T12:00:00+00:00,1.1813100000000003,1.1820300000000001,1.1805500000000002,1.1811300000000002,11409
2026-04-29T13:00:00+00:00,1.1811300000000002,1.1815400000000003,1.1794600000000002,1.1801000000000001,16409
2026-04-29T14:00:00+00:00,1.1801000000000001,1.1815200000000001,1.1795900000000001,1.1813300000000002,13401
2026-04-29T15:00:00+00:00,1.1813300000000002,1.1816300000000002,1.1799300000000001,1.1806800000000002,16996
2026-04-29T16:00:00+00:00,1.1806800000000002,1.1810900000000002,1.1795800000000003,1.1796800000000003,9954
2026-04-29T17:00:00+00:00,1.1796800000000003,1.1801200000000003,1.1791900000000002,1.1799000000000002,9727
2026-04-29T18:00:00+00:00,1.1799000000000002,1.1802600000000003,1.1773400000000005,1.1784400000000006,21706.552786788558
2026-04-29T19:00:00+00:00,1.1784400000000006,1.1792600000000004,1.1779300000000006,1.1788500000000004,10025
2026-04-29T20:00:00+00:00,1.1788500000000004,1.1789800000000006,1.1783100000000004,1.1789200000000004,5619
2026-04-29T21:00:00+00:00,1.1789200000000004,1.1793500000000001,1.1783600000000005,1.17894,1626.7525897772086
2026-04-29T22:00:00+00:00,1.17894,1.17966,1.17889,1.17956,2541
2026-04-29T23:00:00+00:00,1.17956,1.18043,1.1794,1.18025,2124
2026-04-30T00:00:00+00:00,1.18025,1.18075,1.1797,1.17971,7479
2026-04-30T01:00:00+00:00,1.17971,1.17997,1.17913,1.1792500000000001,6219
2026-04-30T02:00:00+00:00,1.1792500000000001,1.17946,1.17804,1.17849,7614
2026-04-30T03:00:00+00:00,1.17849,1.17889,1.17827,1.17839,5181
2026-04-30T04:00:00+00:00,1.17839,1.17841,1.1773,1.17781,6065
2026-04-30T05:00:00+00:00,1.17781,1.17825,1.17768,1.17773,5593
2026-04-30T06:00:00+00:00,1.17773,1.17884,1.17756,1.17883,9338
2026-04-30T07:00:00+00:00,1.17883,1.18019,1.17878,1.17975,10972
2026-04-30T08:00:00+00:00,1.17975,1.18155,1.17921,1.17975,16321
2026-04-30T09:00:00+00:00,1.17975,1.18153,1.17911,1.18125,14406
2026-04-30T10:00:00+00:00,1.18125,1.18333,1.1807,1.18326,28968
2026-04-30T11:00:00+00:00,1.18326,1.18375,1.18211,1.18228,29216
2026-04-30T12:00:00+00:00,1.18228,1.18235,1.18073,1.18105,21210
2026-04-30T13:00:00+00:00,1.18105,1.18188,1.17997,1.1808,24416
2026-04-30T14:00:00+00:00,1.1808,1.18514,1.18055,1.18458,29057
2026-04-30T15:00:00+00:00,1.18458,1.18537,1.18407,1.18464,19272
2026-04-30T16:00:00+00:00,1.18464,1.1853500000000001,1.18409,1.18434,9167
2026-04-30T17:00:00+00:00,1.18434,1.18503,1.184,1.1843000000000001,9237
2026-04-30T18:00:00+00:00,1.1843000000000001,1.18581,1.1843000000000001,1.18543,6945
2026-04-30T19:00:00+00:00,1.18543,1.18595,1.1850100000000001,1.18514,7833
2026-04-30T20:00:00+00:00,1.18514,1.1854500000000001,1.1847400000000001,1.18494,5351
2026-04-30T21:00:00+00:00,1.18494,1.18519,1.18449,1.18488,1482
2026-04-30T22:00:00+00:00,1.18488,1.1854500000000001,1.18471,1.18492,1969
2026-04-30T23:00:00+00:00,1.18492,1.18512,1.18461,1.18466,2728
2026-05-01T00:00:00+00:00,1.18466,1.18478,1.18421,1.18456,6760
2026-05-01T01:00:00+00:00,1.18456,1.1851,1.18431,1.1849,4027
2026-05-01T02:00:00+00:00,1.1849,1.1852,1.18475,1.18516,3556
2026-05-01T03:00:00+00:00,1.18516,1.18544,1.18485,1.1849,3275
2026-05-01T04:00:00+00:00,1.1849,1.18502,1.18439,1.18447,2740
2026-05-01T05:00:00+00:00,1.18447,1.18451,1.18397,1.18405,2565
2026-05-01T06:00:00+00:00,1.18405,1.18629,1.18368,1.18534,12432
2026-05-01T07:00:00+00:00,1.18534,1.18599,1.18494,1.18525,12369
2026-05-01T08:00:00+00:00,1.18525,1.18659,1.18498,1.18614,8016
2026-05-01T09:00:00+00:00,1.18614,1.18618,1.18488,1.18492,6428
2026-05-01T10:00:00+00:00,1.18492,1.18638,1.18488,1.18626,5478
2026-05-01T11:00:00+00:00,1.18626,1.18763,1.1862,1.18692,7253
2026-05-01T12:00:00+00:00,1.18692,1.18868,1.18662,1.18756,12669
2026-05-01T13:00:00+00:00,1.18756,1.18815,1.18619,1.18794,14984
2026-05-01T14:00:00+00:00,1.18794,1.19032,1.1878,1.18853,20609
2026-05-01T15:00:00+00:00,1.18853,1.18887,1.1871,1.1873,14927
2026-05-01T16:00:00+00:00,1.1873,1.18751,1.18557,1.1856200000000001,10735
2026-05-01T17:00:00+00:00,1.1856200000000001,1.18584,1.18472,1.1851,7689
2026-05-01T18:00:00+00:00,1.1851,1.18521,1.18373,1.18453,8600
2026-05-01T19:00:00+00:00,1.18453,1.18463,1.18357,1.18375,4014
2026-05-01T20:00:00+00:00,1.18375,1.18404,1.18319,1.1837400000000002,3750.8760425288087
2026-05-03T21:00:00+00:00,1.1837400000000002,1.1840400000000002,1.18279,1.1830900000000002,415.66644845105304
2026-05-03T22:00:00+00:00,1.1830900000000002,1.18347,1.18194,1.1825800000000002,3539
2026-05-03T23:00:00+00:00,1.1825800000000002,1.1826,1.1817700000000002,1.1818600000000001,3171
2026-05-04T00:00:00+00:00,1.1818600000000001,1.1821400000000002,1.18141,1.1819600000000001,7061
2026-05-04T01:00:00+00:00,1.1819600000000001,1.1822000000000001,1.18127,1.1817700000000002,6937
2026-05-04T02:00:00+00:00,1.1817700000000002,1.1821400000000002,1.18151,1.18202,5078
2026-05-04T03:00:00+00:00,1.18202,1.1831500000000001,1.18172,1.183,10883
2026-05-04T04:00:00+00:00,1.183,1.1830800000000001,1.18201,1.1821700000000002,4913
2026-05-04T05:00:00+00:00,1.1821700000000002,1.18249,1.18182,1.18233,5839
2026-05-04T06:00:00+00:00,1.18233,1.1829800000000001,1.1814,1.1821400000000002,8007
2026-05-04T07:00:00+00:00,1.1821400000000002,1.18216,1.18079,1.18103,8159
2026-05-04T08:00:00+00:00,1.18103,1.18158,1.18039,1.1811900000000002,7648
2026-05-04T09:00:00+00:00,1.1811900000000002,1.18164,1.1808400000000001,1.181,6491
2026-05-04T10:00:00+00:00,1.181,1.181,1.1781300000000001,1.1797700000000002,23336
2026-05-04T11:00:00+00:00,1.1797700000000002,1.1801300000000001,1.1785400000000001,1.1785800000000002,12732
2026-05-04T12:00:00+00:00,1.1785800000000002,1.1805,1.1784700000000001,1.18018,12771
2026-05-04T13:00:00+00:00,1.18018,1.18104,1.17947,1.18077,16159
2026-05-04T14:00:00+00:00,1.18077,1.1809,1.1797000000000002,1.17999,14715
2026-05-04T15:00:00+00:00,1.17999,1.18083,1.17867,1.179,22773
2026-05-04T16:00:00+00:00,1.179,1.1793500000000001,1.1773500000000001,1.1774900000000001,19575
2026-05-04T17:00:00+00:00,1.1774900000000001,1.1789800000000001,1.1774300000000002,1.1786100000000002,10480
2026-05-04T18:00:00+00:00,1.1786100000000002,1.17906,1.17808,1.1789800000000001,9591
2026-05-04T19:00:00+00:00,1.1789800000000001,1.17951,1.1786100000000002,1.17876,9362
2026-05-04T20:00:00+00:00,1.17876,1.1787800000000002,1.1779600000000001,1.1779600000000001,3495
2026-05-04T21:00:00+00:00,1.1779600000000001,1.1782100000000002,1.1776900000000003,1.1780400000000002,626.7999960394466
2026-05-04T22:00:00+00:00,1.1780400000000002,1.1782200000000003,1.1779300000000004,1.1780600000000003,1255
2026-05-04T23:00:00+00:00,1.1780600000000003,1.1783400000000004,1.1780400000000002,1.1782100000000002,1101
2026-05-05T00:00:00+00:00,1.1782100000000002,1.1784300000000003,1.1775600000000004,1.1776900000000003,4853
2026-05-05T01:00:00+00:00,1.1776900000000003,1.1778800000000003,1.1770100000000003,1.1777400000000002,5020
2026-05-05T02:00:00+00:00,1.1777400000000002,1.1782100000000002,1.1776700000000002,1.1778100000000002,3348
2026-05-05T03:00:00+00:00,1.1778100000000002,1.1778700000000002,1.1774100000000003,1.1774500000000003,2395
2026-05-05T04:00:00+00:00,1.1774500000000003,1.1777900000000003,1.1767400000000003,1.1768300000000003,3677
2026-05-05T05:00:00+00:00,1.1768300000000003,1.1775000000000002,1.1767000000000003,1.1773800000000003,4997
2026-05-05T06:00:00+00:00,1.1773800000000003,1.1780100000000002,1.1770000000000003,1.1776400000000002,7650
2026-05-05T07:00:00+00:00,1.1776400000000002,1.1787100000000004,1.1776200000000003,1.1779600000000003,9187
2026-05-05T08:00:00+00:00,1.1779600000000003,1.1787300000000003,1.1775600000000004,1.1779300000000004,8113
2026-05-05T09:00:00+00:00,1.1779300000000004,1.1783400000000004,1.1771600000000002,1.1780700000000002,9652
2026-05-05T10:00:00+00:00,1.1780700000000002,1.1788300000000003,1.1777500000000003,1.1780100000000002,6502
2026-05-05T11:00:00+00:00,1.1780100000000002,1.1785200000000002,1.1773800000000003,1.1779600000000003,8326
2026-05-05T12:00:00+00:00,1.1779600000000003,1.1788500000000002,1.1775800000000003,1.1783000000000003,12096
2026-05-05T13:00:00+00:00,1.1783000000000003,1.1795100000000003,1.1782600000000003,1.1787800000000004,11958
2026-05-05T14:00:00+00:00,1.1787800000000004,1.1796400000000002,1.1782000000000004,1.1796300000000002,18268
2026-05-05T15:00:00+00:00,1.1796300000000002,1.1804200000000002,1.1791700000000003,1.1797100000000003,10940
2026-05-05T16:00:00+00:00,1.1797100000000003,1.1799400000000002,1.1788500000000002,1.1789900000000002,5850
2026-05-05T17:00:00+00:00,1.1789900000000002,1.1794700000000002,1.1786700000000003,1.1789300000000003,6703
2026-05-05T18:00:00+00:00,1.1789300000000003,1.1791500000000004,1.1787600000000003,1.1790400000000003,3439
2026-05-05T19:00:00+00:00,1.1790400000000003,1.1791800000000003,1.1784600000000003,1.1785800000000002,4089
2026-05-05T20:00:00+00:00,1.1785800000000002,1.1787500000000002,1.1782800000000002,1.1782900000000003,2312
2026-05-05T21:00:00+00:00,1.1782900000000003,1.1783400000000004,1.1779900000000003,1.1782500000000002,541.8091200945913
2026-05-05T22:00:00+00:00,1.1782500000000002,1.1799600000000001,1.17819,1.17958,3758
2026-05-05T23:00:00+00:00,1.17958,1.1816000000000002,1.1795300000000002,1.1805100000000002,6509
2026-05-06T00:00:00+00:00,1.1805100000000002,1.1811800000000001,1.1801400000000002,1.1810500000000002,9480
2026-05-06T01:00:00+00:00,1.1810500000000002,1.1816400000000002,1.1808,1.18117,7129
2026-05-06T02:00:00+00:00,1.18117,1.1815200000000001,1.1806,1.18077,4246
2026-05-06T03:00:00+00:00,1.18077,1.1813500000000001,1.18066,1.1808100000000001,4251
2026-05-06T04:00:00+00:00,1.1808100000000001,1.1833200000000001,1.18067,1.18273,17161
2026-05-06T05:00:00+00:00,1.18273,1.1828500000000002,1.1820400000000002,1.1823400000000002,7740
2026-05-06T06:00:00+00:00,1.1823400000000002,1.1825900000000003,1.1818600000000001,1.1823700000000001,8690
2026-05-06T07:00:00+00:00,1.1823700000000001,1.1828600000000002,1.18148,1.18277,10714
2026-05-06T08:00:00+00:00,1.18277,1.1861100000000002,1.1823100000000002,1.1852600000000002,18098
2026-05-06T09:00:00+00:00,1.1852600000000002,1.18677,1.1846400000000001,1.1865500000000002,13884
2026-05-06T10:00:00+00:00,1.1865500000000002,1.1887,1.1856900000000001,1.1879400000000002,16460
2026-05-06T11:00:00+00:00,1.1879400000000002,1.1882000000000001,1.18585,1.18602,15326
2026-05-06T12:00:00+00:00,1.18602,1.1860400000000002,1.1842000000000001,1.1844000000000001,18325
2026-05-06T13:00:00+00:00,1.1844000000000001,1.1849500000000002,1.1836700000000002,1.1842000000000001,18552
2026-05-06T14:00:00+00:00,1.1842000000000001,1.18534,1.1835200000000001,1.1845500000000002,18044
2026-05-06T15:00:00+00:00,1.1845500000000002,1.1849,1.1839000000000002,1.1843000000000001,11454
2026-05-06T16:00:00+00:00,1.1843000000000001,1.18439,1.18321,1.1834600000000002,8438
2026-05-06T17:00:00+00:00,1.1834600000000002,1.1846,1.18331,1.18385,6693
2026-05-06T18:00:00+00:00,1.18385,1.1842000000000001,1.18351,1.1839800000000003,5850
2026-05-06T19:00:00+00:00,1.1839800000000003,1.1845800000000002,1.1837900000000001,1.1838000000000002,5642
2026-05-06T20:00:00+00:00,1.1838000000000002,1.1841000000000002,1.1835200000000001,1.1838100000000003,2831
2026-05-06T21:00:00+00:00,1.1838100000000003,1.1841299999999997,1.1831900000000002,1.1840699999999997,1052.325868856174
2026-05-06T22:00:00+00:00,1.1840699999999997,1.1843499999999998,1.1840599999999997,1.1842799999999998,1198
2026-05-06T23:00:00+00:00,1.1842799999999998,1.1844099999999997,1.1838399999999998,1.1839999999999997,1601.1013037614266
2026-05-07T00:00:00+00:00,1.1839999999999997,1.1846199999999998,1.1838799999999996,1.1840599999999997,8934
2026-05-07T01:00:00+00:00,1.1840599999999997,1.1855499999999997,1.1838599999999997,1.1851099999999997,7389
2026-05-07T02:00:00+00:00,1.1851099999999997,1.1852999999999998,1.1846699999999997,1.1848499999999997,4495
2026-05-07T03:00:00+00:00,1.1848499999999997,1.1848699999999996,1.1840799999999998,1.1840899999999996,3864
2026-05-07T04:00:00+00:00,1.1840899999999996,1.1845499999999998,1.1839799999999998,1.1842799999999998,3353
2026-05-07T05:00:00+00:00,1.1842799999999998,1.1845699999999997,1.1842099999999998,1.1843799999999998,4284
2026-05-07T06:00:00+00:00,1.1843799999999998,1.1848899999999998,1.1837099999999998,1.1840099999999998,10068
2026-05-07T07:00:00+00:00,1.1840099999999998,1.1860599999999997,1.1839999999999997,1.1858899999999997,14874
2026-05-07T08:00:00+00:00,1.1858899999999997,1.1866199999999998,1.1854999999999998,1.1863799999999998,10344
2026-05-07T09:00:00+00:00,1.1863799999999998,1.1870299999999998,1.1857699999999998,1.1862299999999997,9016
2026-05-07T10:00:00+00:00,1.1862299999999997,1.1868299999999996,1.1857099999999996,1.1859099999999998,8319
2026-05-07T11:00:00+00:00,1.1859099999999998,1.1862399999999997,1.1854399999999996,1.1861999999999997,8231
2026-05-07T12:00:00+00:00,1.1861999999999997,1.1869999999999996,1.1859299999999997,1.1864999999999997,9523
2026-05-07T13:00:00+00:00,1.1864999999999997,1.1869199999999998,1.1858599999999997,1.1860599999999997,13613
2026-05-07T14:00:00+00:00,1.1860599999999997,1.1869399999999997,1.1855999999999998,1.1867899999999998,14054
2026-05-07T15:00:00+00:00,1.1867899999999998,1.1869899999999998,1.1855099999999996,1.1855799999999996,13641
2026-05-07T16:00:00+00:00,1.1855799999999996,1.1858099999999998,1.1848599999999998,1.1852399999999996,11891
2026-05-07T17:00:00+00:00,1.1852399999999996,1.1852999999999998,1.1827699999999997,1.1840899999999996,17018
2026-05-07T18:00:00+00:00,1.1840899999999996,1.1844099999999997,1.1831699999999996,1.1842199999999996,13299
2026-05-07T19:00:00+00:00,1.1842199999999996,1.1846199999999998,1.1825499999999998,1.1825599999999996,13599
2026-05-07T20:00:00+00:00,1.1825599999999996,1.1836899999999997,1.1814299999999998,1.1816199999999997,8587
2026-05-07T21:00:00+00:00,1.1816199999999997,1.1820799999999998,1.1813399999999996,1.1818099999999998,1088.1306629077098
2026-05-07T22:00:00+00:00,1.1818099999999998,1.1823899999999996,1.1814999999999998,1.1817199999999997,3999
2026-05-07T23:00:00+00:00,1.1817199999999997,1.1823499999999998,1.1816699999999998,1.1822499999999998,1825
2026-05-08T00:00:00+00:00,1.1822499999999998,1.1826799999999997,1.1818499999999996,1.1818999999999997,7702
2026-05-08T01:00:00+00:00,1.1818999999999997,1.1825699999999997,1.1818999999999997,1.1824499999999998,5562
2026-05-08T02:00:00+00:00,1.1824499999999998,1.1824699999999997,1.1816499999999996,1.1819499999999996,5615
2026-05-08T03:00:00+00:00,1.1819499999999996,1.1825799999999997,1.1818899999999997,1.1820399999999998,3733
2026-05-08T04:00:00+00:00,1.1820399999999998,1.1827899999999998,1.1818999999999997,1.1827299999999996,3700
2026-05-08T05:00:00+00:00,1.1827299999999996,1.1830799999999997,1.1824999999999997,1.1829099999999997,4511
2026-05-08T06:00:00+00:00,1.1829099999999997,1.1840399999999998,1.1829099999999997,1.1836499999999996,7592
2026-05-08T07:00:00+00:00,1.1836499999999996,1.1839999999999997,1.1833799999999997,1.1835099999999996,8195
2026-05-08T08:00:00+00:00,1.1835099999999996,1.1857799999999996,1.1833999999999998,1.1855899999999997,9348
2026-05-08T09:00:00+00:00,1.1855899999999997,1.1865599999999996,1.1855399999999998,1.1861099999999998,7255
2026-05-08T10:00:00+00:00,1.1861099999999998,1.1864599999999996,1.1853399999999996,1.1856099999999996,6214
2026-05-08T11:00:00+00:00,1.1856099999999996,1.1860999999999997,1.1853999999999998,1.1857399999999998,6278
2026-05-08T12:00:00+00:00,1.1857399999999998,1.1870799999999997,1.1847799999999997,1.1866099999999997,13969
2026-05-08T13:00:00+00:00,1.1866099999999997,1.1878999999999997,1.1858399999999998,1.1870899999999998,15384
2026-05-08T14:00:00+00:00,1.1870899999999998,1.1871699999999996,1.1859199999999996,1.1866399999999997,13803
2026-05-08T15:00:00+00:00,1.1866399999999997,1.1870599999999998,1.1858899999999997,1.1864799999999998,12448
2026-05-08T16:00:00+00:00,1.1864799999999998,1.1870499999999997,1.1862799999999998,1.1863099999999998,5818
2026-05-08T17:00:00+00:00,1.1863099999999998,1.1868399999999997,1.1862599999999996,1.1864499999999998,4947
2026-05-08T18:00:00+00:00,1.1864499999999998,1.1873799999999997,1.1862899999999996,1.1870599999999998,6107
2026-05-08T19:00:00+00:00,1.1870599999999998,1.1875199999999997,1.1868899999999998,1.1872299999999998,4840
2026-05-08T20:00:00+00:00,1.1872299999999998,1.1879999999999997,1.1870899999999998,1.1876499999999997,3301.143133306484
2026-05-10T21:00:00+00:00,1.1876499999999997,1.1901999999999995,1.1873799999999997,1.1893599999999993,940.3286561205528
2026-05-10T22:00:00+00:00,1.1893599999999993,1.1899599999999995,1.1892699999999994,1.1898799999999994,3307
2026-05-10T23:00:00+00:00,1.1898799999999994,1.1904999999999994,1.1898599999999995,1.1902199999999994,2088
2026-05-11T00:00:00+00:00,1.1902199999999994,1.1906899999999994,1.1900499999999994,1.1904899999999994,6236
2026-05-11T01:00:00+00:00,1.1904899999999994,1.1906199999999993,1.1896699999999993,1.1897799999999994,5622
2026-05-11T02:00:00+00:00,1.1897799999999994,1.1901199999999994,1.1893999999999993,1.1894299999999993,3635
2026-05-11T03:00:00+00:00,1.1894299999999993,1.1894299999999993,1.1891099999999994,1.1891599999999993,3171
2026-05-11T04:00:00+00:00,1.1891599999999993,1.1892299999999993,1.1885099999999993,1.1885499999999993,1913
2026-05-11T05:00:00+00:00,1.1885499999999993,1.1889699999999994,1.1883699999999995,1.1884899999999994,3276
2026-05-11T06:00:00+00:00,1.1884899999999994,1.1902999999999995,1.1884899999999994,1.1902399999999993,6019
2026-05-11T07:00:00+00:00,1.1902399999999993,1.1909599999999994,1.1899499999999994,1.1906999999999994,6226
2026-05-11T08:00:00+00:00,1.1906999999999994,1.1917099999999994,1.1906199999999993,1.1906399999999995,6704
2026-05-11T09:00:00+00:00,1.1906399999999995,1.1909399999999994,1.1902299999999995,1.1902399999999993,5331
2026-05-11T10:00:00+00:00,1.1902399999999993,1.1908999999999994,1.1899699999999993,1.1904099999999993,5616
2026-05-11T11:00:00+00:00,1.1904099999999993,1.1909599999999994,1.1898299999999995,1.1903299999999994,6724
2026-05-11T12:00:00+00:00,1.1903299999999994,1.1909499999999993,1.1899399999999993,1.1909399999999994,9019
2026-05-11T13:00:00+00:00,1.1909399999999994,1.1922699999999995,1.1909199999999993,1.1920299999999995,10137
2026-05-11T14:00:00+00:00,1.1920299999999995,1.1922699999999995,1.1913899999999993,1.1914299999999993,11182
2026-05-11T15:00:00+00:00,1.1914299999999993,1.1920299999999995,1.1911699999999994,1.1914899999999995,9102
2026-05-11T16:00:00+00:00,1.1914899999999995,1.1915399999999994,1.1907199999999993,1.1908199999999993,6077
2026-05-11T17:00:00+00:00,1.1908199999999993,1.1913599999999993,1.1905799999999993,1.1912999999999994,5102
2026-05-11T18:00:00+00:00,1.1912999999999994,1.1915399999999994,1.1909399999999994,1.1909999999999994,3711
2026-05-11T19:00:00+00:00,1.1909999999999994,1.1912899999999993,1.1909399999999994,1.1912299999999993,4203
2026-05-11T20:00:00+00:00,1.1912299999999993,1.1918199999999994,1.1908799999999995,1.1918199999999994,2822
2026-05-11T21:00:00+00:00,1.1918199999999994,1.1919499999999994,1.1912499999999995,1.1919499999999994,899.7506152111735
2026-05-11T22:00:00+00:00,1.1919499999999994,1.1922799999999996,1.1919499999999994,1.1920099999999993,1049
2026-05-11T23:00:00+00:00,1.1920099999999993,1.1920499999999994,1.1912399999999994,1.1913499999999995,1403
2026-05-12T00:00:00+00:00,1.1913499999999995,1.1913499999999995,1.1901299999999995,1.1902199999999994,4993
2026-05-12T01:00:00+00:00,1.1902199999999994,1.1904199999999994,1.1892699999999994,1.1896499999999994,7563
2026-05-12T02:00:00+00:00,1.1896499999999994,1.1899699999999995,1.1894399999999994,1.1897499999999994,3646
2026-05-12T03:00:00+00:00,1.1897499999999994,1.1898099999999994,1.1889699999999994,1.1891399999999994,3045
2026-05-12T04:00:00+00:00,1.1891399999999994,1.1894799999999994,1.1890599999999996,1.1892199999999995,3181
2026-05-12T05:00:00+00:00,1.1892199999999995,1.1902899999999994,1.1887399999999995,1.1897299999999995,6380
2026-05-12T06:00:00+00:00,1.1897299999999995,1.1900999999999995,1.1884699999999995,1.1885299999999994,8241
2026-05-12T07:00:00+00:00,1.1885299999999994,1.1888399999999995,1.1878399999999996,1.1882799999999996,9934
2026-05-12T08:00:00+00:00,1.1882799999999996,1.1885499999999996,1.1874399999999994,1.1879499999999994,10811
2026-05-12T09:00:00+00:00,1.1879499999999994,1.1886699999999994,1.1878799999999994,1.1882599999999994,10098
2026-05-12T10:00:00+00:00,1.1882599999999994,1.1884199999999994,1.1875499999999994,1.1875799999999994,6869
2026-05-12T11:00:00+00:00,1.1875799999999994,1.1883499999999994,1.1869799999999995,1.1878899999999994,8277
2026-05-12T12:00:00+00:00,1.1878899999999994,1.1884899999999994,1.1870599999999996,1.1882799999999996,11378
2026-05-12T13:00:00+00:00,1.1882799999999996,1.1884999999999994,1.1862099999999995,1.1864999999999994,15280
2026-05-12T14:00:00+00:00,1.1864999999999994,1.1871199999999995,1.1862999999999995,1.1870999999999994,15466
2026-05-12T15:00:00+00:00,1.1870999999999994,1.1871799999999995,1.1856799999999994,1.1867699999999994,12926
2026-05-12T16:00:00+00:00,1.1867699999999994,1.1873699999999994,1.1862799999999996,1.1863299999999994,7938
2026-05-12T17:00:00+00:00,1.1863299999999994,1.1868799999999995,1.1862399999999995,1.1868399999999995,6439
2026-05-12T18:00:00+00:00,1.1868399999999995,1.1876299999999995,1.1863999999999995,1.1875499999999994,6602
2026-05-12T19:00:00+00:00,1.1875499999999994,1.1881799999999993,1.1874799999999994,1.1875299999999995,5573
2026-05-12T20:00:00+00:00,1.1875299999999995,1.1875999999999995,1.1872799999999994,1.1873399999999994,2317
2026-05-12T21:00:00+00:00,1.1873399999999994,1.1874999999999993,1.1866499999999995,1.1871699999999994,1075.8235217283827
2026-05-12T22:00:00+00:00,1.1871699999999994,1.1875299999999995,1.1871699999999994,1.1874399999999994,1002
2026-05-12T23:00:00+00:00,1.1874399999999994,1.1876299999999995,1.1869599999999993,1.1869999999999994,1306
2026-05-13T00:00:00+00:00,1.1869999999999994,1.1873799999999994,1.1867999999999994,1.1873199999999995,5442
2026-05-13T01:00:00+00:00,1.1873199999999995,1.1876799999999994,1.1867099999999995,1.1873799999999994,5090
2026-05-13T02:00:00+00:00,1.1873799999999994,1.1876699999999996,1.1871299999999994,1.1872099999999994,2892
2026-05-13T03:00:00+00:00,1.1872099999999994,1.1872799999999994,1.1867599999999994,1.1869499999999995,3352
2026-05-13T04:00:00+00:00,1.1869499999999995,1.1870199999999995,1.1867299999999994,1.1869699999999994,1819
2026-05-13T05:00:00+00:00,1.1869699999999994,1.1871999999999994,1.1867499999999995,1.1869099999999995,2762
2026-05-13T06:00:00+00:00,1.1869099999999995,1.1869399999999994,1.1852999999999994,1.1854999999999996,6227
2026-05-13T07:00:00+00:00,1.1854999999999996,1.1858299999999995,1.1841999999999995,1.1842099999999995,7329
2026-05-13T08:00:00+00:00,1.1842099999999995,1.1846699999999994,1.1835299999999995,1.1837799999999994,7040
2026-05-13T09:00:00+00:00,1.1837799999999994,1.1841799999999996,1.1830299999999994,1.1841199999999994,6953
2026-05-13T10:00:00+00:00,1.1841199999999994,1.1849599999999993,1.1836899999999995,1.1847799999999995,8408
2026-05-13T11:00:00+00:00,1.1847799999999995,1.1852299999999996,1.1846399999999995,1.1847199999999996,5596
2026-05-13T12:00:00+00:00,1.1847199999999996,1.1851199999999995,1.1831999999999994,1.1836799999999994,10422
2026-05-13T13:00:00+00:00,1.1836799999999994,1.1847399999999995,1.1835999999999995,1.1845299999999994,14032
2026-05-13T14:00:00+00:00,1.1845299999999994,1.1847599999999994,1.1837999999999995,1.1842799999999996,11622
2026-05-13T15:00:00+00:00,1.1842799999999996,1.1851299999999994,1.1842299999999994,1.1846099999999995,9686
2026-05-13T16:00:00+00:00,1.1846099999999995,1.1852899999999995,1.1843099999999995,1.1843699999999995,7344
2026-05-13T17:00:00+00:00,1.1843699999999995,1.1845899999999994,1.1839099999999994,1.1839299999999995,4691
2026-05-13T18:00:00+00:00,1.1839299999999995,1.1845799999999995,1.1839099999999994,1.1842899999999996,6017.97367446832
2026-05-13T19:00:00+00:00,1.1842899999999996,1.1848299999999996,1.1842599999999994,1.1844799999999995,4262
2026-05-13T20:00:00+00:00,1.1844799999999995,1.1849399999999994,1.1844099999999995,1.1844499999999996,2316
2026-05-13T21:00:00+00:00,1.1844499999999996,1.1850899999999995,1.1841999999999995,1.1849199999999995,843.1596407468082
2026-05-13T22:00:00+00:00,1.1849199999999995,1.1853499999999997,1.1848599999999996,1.1852699999999998,1272.7510616774616
2026-05-13T23:00:00+00:00,1.1852699999999998,1.1853399999999998,1.1850499999999997,1.1850999999999998,1432
2026-05-14T00:00:00+00:00,1.1850999999999998,1.1853599999999997,1.1849299999999998,1.1852299999999998,4335
2026-05-14T01:00:00+00:00,1.1852299999999998,1.1852799999999997,1.1847799999999997,1.1848999999999998,4913
2026-05-14T02:00:00+00:00,1.1848999999999998,1.1850499999999997,1.1846799999999997,1.1847499999999997,3987
2026-05-14T03:00:00+00:00,1.1847499999999997,1.1850299999999998,1.1844799999999998,1.1847499999999997,3220
2026-05-14T04:00:00+00:00,1.1847499999999997,1.1852499999999997,1.1846799999999997,1.1849599999999998,3302
2026-05-14T05:00:00+00:00,1.1849599999999998,1.1851399999999996,1.1845299999999996,1.1845399999999997,4395
2026-05-14T06:00:00+00:00,1.1845399999999997,1.1856599999999997,1.1841899999999999,1.1853499999999997,6575
2026-05-14T07:00:00+00:00,1.1853499999999997,1.1853699999999998,1.1841099999999998,1.1842599999999996,8027
2026-05-14T08:00:00+00:00,1.1842599999999996,1.1848999999999998,1.1839899999999997,1.1846199999999998,7162
2026-05-14T09:00:00+00:00,1.1846199999999998,1.1848399999999997,1.1840899999999996,1.1842499999999998,5789
2026-05-14T10:00:00+00:00,1.1842499999999998,1.1847899999999998,1.1839799999999998,1.1843899999999998,6481
2026-05-14T11:00:00+00:00,1.1843899999999998,1.1843999999999997,1.1834599999999997,1.1834699999999998,6225
2026-05-14T12:00:00+00:00,1.1834699999999998,1.1840599999999997,1.1831399999999996,1.1832199999999997,7886
2026-05-14T13:00:00+00:00,1.1832199999999997,1.1834799999999996,1.1820699999999997,1.1824899999999998,14546
2026-05-14T14:00:00+00:00,1.1824899999999998,1.1835299999999997,1.1813699999999998,1.1813799999999997,14053
2026-05-14T15:00:00+00:00,1.1813799999999997,1.1815999999999998,1.1806599999999998,1.1812499999999997,10280
2026-05-14T16:00:00+00:00,1.1812499999999997,1.1816699999999998,1.1805999999999996,1.1811599999999998,9216
2026-05-14T17:00:00+00:00,1.1811599999999998,1.1815899999999997,1.1811099999999997,1.1813099999999996,6845
2026-05-14T18:00:00+00:00,1.1813099999999996,1.1813699999999998,1.1808999999999998,1.1812499999999997,5435
2026-05-14T19:00:00+00:00,1.1812499999999997,1.1814199999999997,1.1803699999999997,1.1805999999999996,4883
2026-05-14T20:00:00+00:00,1.1805999999999996,1.1807199999999998,1.1800899999999996,1.1804099999999997,2877
2026-05-14T21:00:00+00:00,1.1804099999999997,1.1808699999999996,1.1800699999999997,1.1804899999999996,864.1526677471368
2026-05-14T22:00:00+00:00,1.1804899999999996,1.1807099999999997,1.1804799999999998,1.1805499999999998,1668
2026-05-14T23:00:00+00:00,1.1805499999999998,1.1805699999999997,1.1797399999999996,1.1797999999999997,2597
2026-05-15T00:00:00+00:00,1.1797999999999997,1.1799599999999997,1.1788299999999996,1.1791399999999996,6955
2026-05-15T01:00:00+00:00,1.1791399999999996,1.1792499999999997,1.1782099999999998,1.1782999999999997,7952
2026-05-15T02:00:00+00:00,1.1782999999999997,1.1793499999999997,1.1781699999999997,1.1789599999999996,5085
2026-05-15T03:00:00+00:00,1.1789599999999996,1.1790999999999996,1.1786099999999997,1.1788099999999997,3654
2026-05-15T04:00:00+00:00,1.1788099999999997,1.1788699999999996,1.1782499999999996,1.1783399999999997,3319
2026-05-15T05:00:00+00:00,1.1783399999999997,1.1784099999999997,1.1768599999999996,1.1768699999999996,8457
2026-05-15T06:00:00+00:00,1.1768699999999996,1.1779499999999996,1.1768499999999997,1.1770999999999996,11111
2026-05-15T07:00:00+00:00,1.1770999999999996,1.1785099999999997,1.1767899999999996,1.1772599999999998,10361
2026-05-15T08:00:00+00:00,1.1772599999999998,1.1774299999999998,1.1766499999999998,1.1769099999999997,9827
2026-05-15T09:00:00+00:00,1.1769099999999997,1.1769599999999996,1.1753299999999998,1.1763999999999997,12029
2026-05-15T10:00:00+00:00,1.1763999999999997,1.1791499999999997,1.1763299999999997,1.1785299999999996,13571
2026-05-15T11:00:00+00:00,1.1785299999999996,1.1786199999999996,1.1765199999999996,1.1767699999999996,9744
2026-05-15T12:00:00+00:00,1.1767699999999996,1.1768199999999998,1.1754899999999997,1.1762299999999997,10651
2026-05-15T13:00:00+00:00,1.1762299999999997,1.1768299999999996,1.1754999999999998,1.1759599999999997,15332
2026-05-15T14:00:00+00:00,1.1759599999999997,1.1773899999999997,1.1757399999999996,1.1765499999999998,17258
2026-05-15T15:00:00+00:00,1.1765499999999998,1.1767099999999997,1.1756699999999998,1.1762399999999997,12601
2026-05-15T16:00:00+00:00,1.1762399999999997,1.1767499999999997,1.1759099999999996,1.1765999999999996,7437
2026-05-15T17:00:00+00:00,1.1765999999999996,1.1771699999999996,1.1762699999999997,1.1762999999999997,6531
2026-05-15T18:00:00+00:00,1.1762999999999997,1.1763399999999997,1.1752899999999997,1.1757999999999997,7082
2026-05-15T19:00:00+00:00,1.1757999999999997,1.1759199999999996,1.1755299999999997,1.1757399999999996,4763
2026-05-15T20:00:00+00:00,1.1757399999999996,1.1761799999999996,1.1755299999999997,1.1760999999999997,3202.9418752651677
2026-05-17T21:00:00+00:00,1.1760999999999997,1.1763999999999994,1.1757899999999997,1.1763199999999994,420.56908308814155
2026-05-17T22:00:00+00:00,1.1763199999999994,1.1767399999999995,1.1762599999999994,1.1765999999999994,1748
2026-05-17T23:00:00+00:00,1.1765999999999994,1.1766599999999994,1.1754899999999995,1.1756799999999994,3945
2026-05-18T00:00:00+00:00,1.1756799999999994,1.1764199999999994,1.1751499999999995,1.1754799999999994,9815
2026-05-18T01:00:00+00:00,1.1754799999999994,1.1761999999999995,1.1751599999999995,1.1760699999999995,8633
2026-05-18T02:00:00+00:00,1.1760699999999995,1.1762699999999995,1.1756199999999994,1.1758699999999995,5175
2026-05-18T03:00:00+00:00,1.1758699999999995,1.1765799999999995,1.1758499999999994,1.1765099999999995,4331
2026-05-18T04:00:00+00:00,1.1765099999999995,1.1769299999999994,1.1762199999999994,1.1763899999999994,3903
2026-05-18T05:00:00+00:00,1.1763899999999994,1.1766399999999995,1.1760099999999993,1.1766299999999994,5866
2026-05-18T06:00:00+00:00,1.1766299999999994,1.1779699999999995,1.1765099999999995,1.1778899999999994,8444
2026-05-18T07:00:00+00:00,1.1778899999999994,1.1783199999999994,1.1774699999999994,1.1775199999999995,9493
2026-05-18T08:00:00+00:00,1.1775199999999995,1.1788299999999994,1.1772199999999995,1.1784599999999994,8220
2026-05-18T09:00:00+00:00,1.1784599999999994,1.1785899999999994,1.1778299999999995,1.1778299999999995,6378
2026-05-18T10:00:00+00:00,1.1778299999999995,1.1779999999999995,1.1769599999999993,1.1770199999999995,5805
2026-05-18T11:00:00+00:00,1.1770199999999995,1.1792899999999995,1.1769799999999995,1.1784899999999994,12760
2026-05-18T12:00:00+00:00,1.1784899999999994,1.1800399999999995,1.1784099999999995,1.1794499999999994,13594
2026-05-18T13:00:00+00:00,1.1794499999999994,1.1799199999999994,1.1787099999999995,1.1794299999999995,15436
2026-05-18T14:00:00+00:00,1.1794299999999995,1.1796399999999994,1.1784499999999996,1.1785099999999995,15878
2026-05-18T15:00:00+00:00,1.1785099999999995,1.1796199999999994,1.1776499999999994,1.1791599999999995,15741
2026-05-18T16:00:00+00:00,1.1791599999999995,1.1799399999999995,1.1787199999999995,1.1794699999999994,11149
2026-05-18T17:00:00+00:00,1.1794699999999994,1.1796699999999996,1.1791199999999995,1.1791199999999995,6659
2026-05-18T18:00:00+00:00,1.1791199999999995,1.1792099999999994,1.1771899999999995,1.1772399999999994,9119
2026-05-18T19:00:00+00:00,1.1772399999999994,1.1799199999999994,1.1772399999999994,1.1794199999999995,15240
2026-05-18T20:00:00+00:00,1.1794199999999995,1.1803999999999994,1.1794199999999995,1.1798799999999994,3560
2026-05-18T21:00:00+00:00,1.1798799999999994,1.1803299999999997,1.1792599999999995,1.1802299999999997,1204.3872271478363
2026-05-18T22:00:00+00:00,1.1802299999999997,1.1804899999999996,1.1800899999999996,1.1801099999999998,1356
2026-05-18T23:00:00+00:00,1.1801099999999998,1.1801599999999997,1.1797899999999997,1.1797999999999997,2030
2026-05-19T00:00:00+00:00,1.1797999999999997,1.1799199999999996,1.1786899999999996,1.1787699999999997,7991
2026-05-19T01:00:00+00:00,1.1787699999999997,1.1795899999999997,1.1786199999999996,1.1789499999999997,7207
2026-05-19T02:00:00+00:00,1.1789499999999997,1.1790199999999997,1.1783999999999997,1.1786499999999998,6131
2026-05-19T03:00:00+00:00,1.1786499999999998,1.1788899999999998,1.1783899999999998,1.1784199999999996,4394
2026-05-19T04:00:00+00:00,1.1784199999999996,1.1786299999999996,1.1778499999999996,1.1779699999999997,3885
2026-05-19T05:00:00+00:00,1.1779699999999997,1.1786099999999997,1.1776699999999998,1.1784999999999999,5106
2026-05-19T06:00:00+00:00,1.1784999999999999,1.1788899999999998,1.1778899999999999,1.1779699999999997,7776
2026-05-19T07:00:00+00:00,1.1779699999999997,1.1780799999999998,1.1773199999999997,1.1778099999999998,8462
2026-05-19T08:00:00+00:00,1.1778099999999998,1.1779199999999996,1.1765599999999996,1.1766699999999997,9255
2026-05-19T09:00:00+00:00,1.1766699999999997,1.1766799999999995,1.1758299999999995,1.1762899999999996,8674
2026-05-19T10:00:00+00:00,1.1762899999999996,1.1770099999999997,1.1754499999999997,1.1765499999999995,10126
2026-05-19T11:00:00+00:00,1.1765499999999995,1.1765899999999996,1.1759799999999996,1.1759899999999996,8328
2026-05-19T12:00:00+00:00,1.1759899999999996,1.1767299999999996,1.1758599999999997,1.1759999999999997,11593
2026-05-19T13:00:00+00:00,1.1759999999999997,1.1761399999999997,1.1745099999999997,1.1757099999999996,18010
2026-05-19T14:00:00+00:00,1.1757099999999996,1.1760299999999997,1.1738299999999997,1.1738999999999997,19075
2026-05-19T15:00:00+00:00,1.1738999999999997,1.1746399999999997,1.1735599999999997,1.1745399999999997,11707
2026-05-19T16:00:00+00:00,1.1745399999999997,1.1752799999999997,1.1739199999999996,1.1750399999999996,9237
2026-05-19T17:00:00+00:00,1.1750399999999996,1.1755699999999996,1.1750199999999997,1.1754099999999996,6165
2026-05-19T18:00:00+00:00,1.1754099999999996,1.1758199999999996,1.1746099999999997,1.1746799999999997,7149
2026-05-19T19:00:00+00:00,1.1746799999999997,1.1751499999999997,1.1745999999999996,1.1749699999999996,5969
2026-05-19T20:00:00+00:00,1.1749699999999996,1.1750299999999996,1.1746899999999996,1.1748199999999995,2381
2026-05-19T21:00:00+00:00,1.1748199999999995,1.1749599999999998,1.1742899999999998,1.1748099999999997,810.6673227301862
2026-05-19T22:00:00+00:00,1.1748099999999997,1.1750799999999997,1.1746999999999999,1.1750699999999998,1319
2026-05-19T23:00:00+00:00,1.1750699999999998,1.1754699999999998,1.1748099999999997,1.1748599999999998,1919.6675358539765
2026-05-20T00:00:00+00:00,1.1748599999999998,1.1752499999999997,1.1742599999999996,1.1743099999999997,9186
2026-05-20T01:00:00+00:00,1.1743099999999997,1.1744599999999996,1.1735499999999996,1.1738999999999997,8738
2026-05-20T02:00:00+00:00,1.1738999999999997,1.1744699999999997,1.1736299999999997,1.1739599999999997,6755
2026-05-20T03:00:00+00:00,1.1739599999999997,1.1747299999999996,1.1737099999999998,1.1744099999999997,5359
2026-05-20T04:00:00+00:00,1.1744099999999997,1.1748499999999997,1.1738799999999998,1.1739099999999998,4560
2026-05-20T05:00:00+00:00,1.1739099999999998,1.1743299999999997,1.1733599999999997,1.1737099999999998,5836
2026-05-20T06:00:00+00:00,1.1737099999999998,1.1747799999999997,1.1734999999999998,1.1738299999999997,8355
2026-05-20T07:00:00+00:00,1.1738299999999997,1.1743299999999997,1.1733899999999997,1.1735099999999996,7370
2026-05-20T08:00:00+00:00,1.1735099999999996,1.1736899999999997,1.1725499999999998,1.1732299999999998,8891
2026-05-20T09:00:00+00:00,1.1732299999999998,1.1736299999999997,1.1729999999999996,1.1729999999999996,5357
2026-05-20T10:00:00+00:00,1.1729999999999996,1.1744699999999997,1.1729299999999998,1.1742899999999996,5898
2026-05-20T11:00:00+00:00,1.1742899999999996,1.1747399999999997,1.1738099999999998,1.1742799999999998,6421
2026-05-20T12:00:00+00:00,1.1742799999999998,1.1746099999999997,1.1735699999999998,1.1737199999999997,7747
2026-05-20T13:00:00+00:00,1.1737199999999997,1.1738699999999997,1.1730899999999997,1.1732799999999997,9491
2026-05-20T14:00:00+00:00,1.1732799999999997,1.1765799999999997,1.1724599999999996,1.1759799999999998,27230
2026-05-20T15:00:00+00:00,1.1759799999999998,1.1786699999999997,1.1754799999999996,1.1760999999999997,21717
2026-05-20T16:00:00+00:00,1.1760999999999997,1.1772599999999998,1.1760699999999997,1.1767299999999996,12537
2026-05-20T17:00:00+00:00,1.1767299999999996,1.1768799999999997,1.1759299999999997,1.1759699999999997,9502
2026-05-20T18:00:00+00:00,1.1759699999999997,1.1777599999999997,1.1757699999999998,1.1772699999999996,7351
2026-05-20T19:00:00+00:00,1.1772699999999996,1.1777099999999998,1.1769499999999997,1.1769799999999997,5559
2026-05-20T20:00:00+00:00,1.1769799999999997,1.1770299999999998,1.1765099999999997,1.1765399999999997,4027
2026-05-20T21:00:00+00:00,1.1765399999999997,1.1766999999999996,1.1760299999999997,1.1765699999999997,1590.7572629339397
2026-05-20T22:00:00+00:00,1.1765699999999997,1.1769599999999996,1.1765399999999997,1.1767999999999996,1394
2026-05-20T23:00:00+00:00,1.1767999999999996,1.1769199999999997,1.1764699999999997,1.1766499999999995,1580
2026-05-21T00:00:00+00:00,1.1766499999999995,1.1770799999999997,1.1764099999999997,1.1770199999999997,5488
2026-05-21T01:00:00+00:00,1.1770199999999997,1.1776999999999997,1.1764499999999996,1.1767799999999997,6034
2026-05-21T02:00:00+00:00,1.1767799999999997,1.1770199999999997,1.1757399999999996,1.1759299999999997,4799
2026-05-21T03:00:00+00:00,1.1759299999999997,1.1764299999999996,1.1759199999999996,1.1760699999999997,3171
2026-05-21T04:00:00+00:00,1.1760699999999997,1.1765199999999996,1.1760099999999996,1.1763899999999996,5141
2026-05-21T05:00:00+00:00,1.1763899999999996,1.1765199999999996,1.1759599999999997,1.1763599999999996,5784
2026-05-21T06:00:00+00:00,1.1763599999999996,1.1768299999999996,1.1757399999999996,1.1761899999999996,6746
2026-05-21T07:00:00+00:00,1.1761899999999996,1.1762799999999995,1.1735799999999996,1.1749199999999997,16537
2026-05-21T08:00:00+00:00,1.1749199999999997,1.1777099999999996,1.1747899999999996,1.1765399999999997,15037
2026-05-21T09:00:00+00:00,1.1765399999999997,1.1775199999999997,1.1762399999999997,1.1769099999999997,8038
2026-05-21T10:00:00+00:00,1.1769099999999997,1.1771999999999996,1.1741699999999997,1.1749099999999997,14206
2026-05-21T11:00:00+00:00,1.1749099999999997,1.1757699999999995,1.1737799999999996,1.1740699999999997,9531
2026-05-21T12:00:00+00:00,1.1740699999999997,1.1750799999999997,1.1735199999999997,1.1738999999999997,12217
2026-05-21T13:00:00+00:00,1.1738999999999997,1.1742599999999996,1.1717999999999997,1.1736299999999997,16177
2026-05-21T14:00:00+00:00,1.1736299999999997,1.1738299999999997,1.1725999999999996,1.1734599999999997,16735
2026-05-21T15:00:00+00:00,1.1734599999999997,1.1735699999999996,1.1723999999999997,1.1730099999999997,13690
2026-05-21T16:00:00+00:00,1.1730099999999997,1.1738099999999996,1.1726299999999996,1.1736999999999997,9544
2026-05-21T17:00:00+00:00,1.1736999999999997,1.1771799999999997,1.1734599999999997,1.1766499999999995,20533
2026-05-21T18:00:00+00:00,1.1766499999999995,1.1771799999999997,1.1748999999999996,1.1753099999999996,15059
2026-05-21T19:00:00+00:00,1.1753099999999996,1.1765899999999996,1.1751499999999997,1.1762999999999997,9465
2026-05-21T20:00:00+00:00,1.1762999999999997,1.1764599999999996,1.1757799999999996,1.1758599999999997,3069
2026-05-21T21:00:00+00:00,1.1758599999999997,1.1762299999999997,1.1754899999999997,1.1759299999999997,1315
2026-05-21T22:00:00+00:00,1.1759299999999997,1.1761199999999996,1.1757099999999996,1.1759199999999996,1085
2026-05-21T23:00:00+00:00,1.1759199999999996,1.1760799999999996,1.1757699999999995,1.1759599999999997,1208
2026-05-22T00:00:00+00:00,1.1759599999999997,1.1759699999999997,1.1753999999999996,1.1756099999999996,4537
2026-05-22T01:00:00+00:00,1.1756099999999996,1.1757499999999996,1.1751599999999995,1.1751699999999996,4064
2026-05-22T02:00:00+00:00,1.1751699999999996,1.1756099999999996,1.1751399999999996,1.1753499999999997,2641
2026-05-22T03:00:00+00:00,1.1753499999999997,1.1754699999999996,1.1750499999999997,1.1753799999999996,2160
2026-05-22T04:00:00+00:00,1.1753799999999996,1.1757299999999997,1.1753099999999996,1.1756799999999996,1485
2026-05-22T05:00:00+00:00,1.1756799999999996,1.1758699999999995,1.1748799999999997,1.1750899999999995,3768
2026-05-22T06:00:00+00:00,1.1750899999999995,1.1756199999999997,1.1746999999999996,1.1751599999999995,6792
2026-05-22T07:00:00+00:00,1.1751599999999995,1.1751699999999996,1.1742999999999997,1.1749999999999996,6864
2026-05-22T08:00:00+00:00,1.1749999999999996,1.1757499999999996,1.1744999999999997,1.1749599999999996,8400
2026-05-22T09:00:00+00:00,1.1749599999999996,1.1749799999999997,1.1737799999999996,1.1745999999999996,6157
2026-05-22T10:00:00+00:00,1.1745999999999996,1.1749599999999996,1.1736899999999997,1.1739199999999996,5490
2026-05-22T11:00:00+00:00,1.1739199999999996,1.1743899999999996,1.1734999999999995,1.1738299999999997,6125
2026-05-22T12:00:00+00:00,1.1738299999999997,1.1748899999999995,1.1736199999999997,1.1745999999999996,10918
2026-05-22T13:00:00+00:00,1.1745999999999996,1.1760099999999996,1.1740999999999997,1.1745199999999996,13103
2026-05-22T14:00:00+00:00,1.1745199999999996,1.1745499999999995,1.1729999999999996,1.1739499999999996,11775
2026-05-22T15:00:00+00:00,1.1739499999999996,1.1747299999999996,1.1737499999999996,1.1744499999999995,9388
2026-05-22T16:00:00+00:00,1.1744499999999995,1.1752899999999997,1.1741299999999997,1.1752899999999997,6493
2026-05-22T17:00:00+00:00,1.1752899999999997,1.1760799999999996,1.1750399999999996,1.1755099999999996,10001
2026-05-22T18:00:00+00:00,1.1755099999999996,1.1757199999999997,1.1750999999999996,1.1753699999999996,5219
2026-05-22T19:00:00+00:00,1.1753699999999996,1.1755699999999996,1.1746899999999996,1.1747599999999996,3383
2026-05-22T20:00:00+00:00,1.1747599999999996,1.1748399999999997,1.1739999999999997,1.1743499999999996,2751
2026-05-24T21:00:00+00:00,1.1743499999999996,1.1746299999999996,1.1733799999999999,1.17346,1403.2960820196251
2026-05-24T22:00:00+00:00,1.17346,1.17502,1.1734099999999998,1.1748599999999998,3316
2026-05-24T23:00:00+00:00,1.1748599999999998,1.1751899999999997,1.1746899999999998,1.1747599999999998,2557.6461383704036
2026-05-25T00:00:00+00:00,1.1747599999999998,1.1754599999999997,1.1740899999999996,1.1742299999999997,6035
2026-05-25T01:00:00+00:00,1.1742299999999997,1.1752599999999997,1.1741199999999998,1.1744599999999998,6130
2026-05-25T02:00:00+00:00,1.1744599999999998,1.1748099999999997,1.1742399999999997,1.1743299999999997,3111
2026-05-25T03:00:00+00:00,1.1743299999999997,1.1745299999999996,1.1741599999999996,1.1742899999999998,3953
2026-05-25T04:00:00+00:00,1.1742899999999998,1.1749299999999998,1.1741299999999997,1.1747699999999996,2869
2026-05-25T05:00:00+00:00,1.1747699999999996,1.1750899999999997,1.1743699999999997,1.1744799999999997,3781
2026-05-25T06:00:00+00:00,1.1744799999999997,1.1750399999999996,1.1743099999999997,1.1746599999999998,5427
2026-05-25T07:00:00+00:00,1.1746599999999998,1.1747599999999998,1.1735199999999997,1.1742999999999997,7685
2026-05-25T08:00:00+00:00,1.1742999999999997,1.1749999999999998,1.1738599999999997,1.1749299999999998,4740
2026-05-25T09:00:00+00:00,1.1749299999999998,1.1750899999999997,1.1745999999999996,1.1747099999999997,3132
2026-05-25T10:00:00+00:00,1.1747099999999997,1.1749999999999998,1.1746999999999996,1.1748499999999997,2947
2026-05-25T11:00:00+00:00,1.1748499999999997,1.1756499999999996,1.1745999999999996,1.1749599999999998,4507
2026-05-25T12:00:00+00:00,1.1749599999999998,1.1758499999999998,1.1748199999999998,1.1753899999999997,5615
2026-05-25T13:00:00+00:00,1.1753899999999997,1.1755399999999998,1.1744399999999997,1.1744399999999997,4758
2026-05-25T14:00:00+00:00,1.1744399999999997,1.1751999999999998,1.1743899999999998,1.1747799999999997,4837
2026-05-25T15:00:00+00:00,1.1747799999999997,1.1754199999999997,1.1745199999999998,1.1747899999999998,5941
2026-05-25T16:00:00+00:00,1.1747899999999998,1.1748299999999998,1.1742299999999997,1.1746699999999997,3469
2026-05-25T17:00:00+00:00,1.1746699999999997,1.1749699999999996,1.1745799999999997,1.1748999999999998,2159
2026-05-25T18:00:00+00:00,1.1748999999999998,1.1749499999999997,1.1747099999999997,1.1749099999999997,1720
2026-05-25T19:00:00+00:00,1.1749099999999997,1.1749299999999998,1.1747499999999997,1.1747799999999997,1571
2026-05-25T20:00:00+00:00,1.1747799999999997,1.1749299999999998,1.1745799999999997,1.1745799999999997,2107
2026-05-25T21:00:00+00:00,1.1745799999999997,1.17499,1.1742199999999998,1.1745999999999999,1410.101884681921
2026-05-25T22:00:00+00:00,1.1745999999999999,1.175,1.17459,1.1748399999999999,1537
2026-05-25T23:00:00+00:00,1.1748399999999999,1.17508,1.17432,1.17435,1901
2026-05-26T00:00:00+00:00,1.17435,1.17474,1.1741599999999999,1.17464,5902
2026-05-26T01:00:00+00:00,1.17464,1.17474,1.17379,1.17415,5275
2026-05-26T02:00:00+00:00,1.17415,1.17428,1.1738899999999999,1.1741599999999999,3251
2026-05-26T03:00:00+00:00,1.1741599999999999,1.17449,1.17414,1.17435,2093
2026-05-26T04:00:00+00:00,1.17435,1.1743599999999998,1.17371,1.17374,2219.244749240379
2026-05-26T05:00:00+00:00,1.17374,1.17385,1.17351,1.17358,3269
2026-05-26T06:00:00+00:00,1.17358,1.17453,1.17349,1.17429,5982
2026-05-26T07:00:00+00:00,1.17429,1.17481,1.17317,1.17448,8358
2026-05-26T08:00:00+00:00,1.17448,1.17498,1.17421,1.17441,6371
2026-05-26T09:00:00+00:00,1.17441,1.17518,1.17403,1.17504,5873
2026-05-26T10:00:00+00:00,1.17504,1.17529,1.17454,1.17493,6373
2026-05-26T11:00:00+00:00,1.17493,1.17526,1.17412,1.17425,6797
2026-05-26T12:00:00+00:00,1.17425,1.17443,1.17389,1.17397,6529
2026-05-26T13:00:00+00:00,1.17397,1.17408,1.17249,1.17335,10265
2026-05-26T14:00:00+00:00,1.17335,1.17375,1.17291,1.17327,11102
2026-05-26T15:00:00+00:00,1.17327,1.17336,1.17241,1.17271,12448
2026-05-26T16:00:00+00:00,1.17271,1.17374,1.17271,1.17317,6785
2026-05-26T17:00:00+00:00,1.17317,1.17355,1.1729,1.1731800000000001,6091
2026-05-26T18:00:00+00:00,1.1731800000000001,1.17388,1.17311,1.17373,3887
2026-05-26T19:00:00+00:00,1.17373,1.17404,1.17351,1.17397,3120
2026-05-26T20:00:00+00:00,1.17397,1.17407,1.1735,1.1735,1826
2026-05-26T21:00:00+00:00,1.1735,1.17392,1.17313,1.17362,2632
2026-05-26T22:00:00+00:00,1.17362,1.17414,1.17362,1.1741,957
2026-05-26T23:00:00+00:00,1.1741,1.17476,1.17407,1.17442,1117
2026-05-27T00:00:00+00:00,1.17442,1.17484,1.17436,1.17458,4644
2026-05-27T01:00:00+00:00,1.17458,1.17471,1.17405,1.17416,4193
2026-05-27T02:00:00+00:00,1.17416,1.17462,1.17415,1.17461,4034
2026-05-27T03:00:00+00:00,1.17461,1.17503,1.17445,1.17465,2984
2026-05-27T04:00:00+00:00,1.17465,1.17501,1.1746,1.17491,2479
2026-05-27T05:00:00+00:00,1.17491,1.17522,1.17464,1.17474,3984
2026-05-27T06:00:00+00:00,1.17474,1.1757,1.17451,1.17532,6158
2026-05-27T07:00:00+00:00,1.17532,1.17566,1.17479,1.17484,6572
2026-05-27T08:00:00+00:00,1.17484,1.1755,1.1746,1.17527,6635
2026-05-27T09:00:00+00:00,1.17527,1.17563,1.17502,1.17523,4668
2026-05-27T10:00:00+00:00,1.17523,1.17524,1.17437,1.17468,5310
2026-05-27T11:00:00+00:00,1.17468,1.17497,1.17407,1.17455,6478
2026-05-27T12:00:00+00:00,1.17455,1.17691,1.17422,1.17515,21548
2026-05-27T13:00:00+00:00,1.17515,1.17557,1.17454,1.1749,15844
2026-05-27T14:00:00+00:00,1.1749,1.176,1.17325,1.17333,21129
2026-05-27T15:00:00+00:00,1.17333,1.17441,1.17302,1.1737900000000001,14073
2026-05-27T16:00:00+00:00,1.1737900000000001,1.17406,1.17317,1.174,8266
2026-05-27T17:00:00+00:00,1.174,1.17407,1.17299,1.17351,9506
2026-05-27T18:00:00+00:00,1.17351,1.17381,1.17303,1.17372,6975
2026-05-27T19:00:00+00:00,1.17372,1.17398,1.17345,1.17365,3673
2026-05-27T20:00:00+00:00,1.17365,1.17385,1.17332,1.17332,2076
2026-05-27T21:00:00+00:00,1.17332,1.17377,1.17301,1.17352,1384
2026-05-27T22:00:00+00:00,1.17352,1.17381,1.17336,1.17337,1413
2026-05-27T23:00:00+00:00,1.17337,1.17364,1.17237,1.17252,2627
2026-05-28T00:00:00+00:00,1.17252,1.17312,1.17243,1.17283,5970
2026-05-28T01:00:00+00:00,1.17283,1.1729,1.1717,1.17178,4748
2026-05-28T02:00:00+00:00,1.17178,1.17229,1.17172,1.17204,3693
2026-05-28T03:00:00+00:00,1.17204,1.17215,1.16947,1.16948,7363.412206988059
2026-05-28T04:00:00+00:00,1.16948,1.17004,1.1694,1.16995,5247
2026-05-28T05:00:00+00:00,1.16995,1.17099,1.16968,1.17071,5256
2026-05-28T06:00:00+00:00,1.17071,1.17199,1.17064,1.17179,6203
2026-05-28T07:00:00+00:00,1.17179,1.17254,1.17177,1.17196,7670
2026-05-28T08:00:00+00:00,1.17196,1.17246,1.17144,1.17234,6515
2026-05-28T09:00:00+00:00,1.17234,1.17269,1.17207,1.17208,5572
2026-05-28T10:00:00+00:00,1.17208,1.17233,1.17113,1.17113,6678
2026-05-28T11:00:00+00:00,1.17113,1.17306,1.1711,1.17247,6753
2026-05-28T12:00:00+00:00,1.17247,1.17458,1.17233,1.17443,11653
2026-05-28T13:00:00+00:00,1.17443,1.17509,1.17369,1.17384,11559
2026-05-28T14:00:00+00:00,1.17384,1.17656,1.17347,1.17556,27625
2026-05-28T15:00:00+00:00,1.17556,1.17646,1.17553,1.17558,11596
2026-05-28T16:00:00+00:00,1.17558,1.17691,1.1753,1.17645,12039
2026-05-28T17:00:00+00:00,1.17645,1.17651,1.17585,1.17612,6254
2026-05-28T18:00:00+00:00,1.17612,1.17631,1.17543,1.17557,8851
2026-05-28T19:00:00+00:00,1.17557,1.17593,1.17541,1.17554,5272
2026-05-28T20:00:00+00:00,1.17554,1.17581,1.17527,1.1758,2277
2026-05-28T21:00:00+00:00,1.1758,1.17603,1.17539,1.17577,1690.6943535410192
2026-05-28T22:00:00+00:00,1.17577,1.17596,1.17576,1.17579,1031.1491372843211
2026-05-28T23:00:00+00:00,1.17579,1.17609,1.17579,1.17603,1497
2026-05-29T00:00:00+00:00,1.17603,1.17633,1.17551,1.17565,4280
2026-05-29T01:00:00+00:00,1.17565,1.17642,1.17511,1.17523,5674
2026-05-29T02:00:00+00:00,1.17523,1.1757,1.17513,1.17526,3186
2026-05-29T03:00:00+00:00,1.17526,1.17528,1.17437,1.1745,3850
2026-05-29T04:00:00+00:00,1.1745,1.1747,1.1742,1.17468,3024
2026-05-29T05:00:00+00:00,1.17468,1.17513,1.17458,1.17498,3167
2026-05-29T06:00:00+00:00,1.17498,1.17622,1.17498,1.17611,6572
2026-05-29T07:00:00+00:00,1.17611,1.17611,1.17455,1.17496,7761
2026-05-29T08:00:00+00:00,1.17496,1.17496,1.17326,1.17359,8661
2026-05-29T09:00:00+00:00,1.17359,1.17505,1.17344,1.17493,7429
2026-05-29T10:00:00+00:00,1.17493,1.17529,1.17456,1.17508,5852
2026-05-29T11:00:00+00:00,1.17508,1.1756,1.17476,1.17554,6481
2026-05-29T12:00:00+00:00,1.17554,1.17568,1.1749,1.17567,7297
2026-05-29T13:00:00+00:00,1.17567,1.17608,1.17527,1.1755,9448
2026-05-29T14:00:00+00:00,1.1755,1.17822,1.17481,1.17763,18312
2026-05-29T15:00:00+00:00,1.17763,1.17935,1.17749,1.17858,17923
2026-05-29T16:00:00+00:00,1.17858,1.1787,1.17743,1.17798,12228
2026-05-29T17:00:00+00:00,1.17798,1.1781,1.17698,1.177,6106
2026-05-29T18:00:00+00:00,1.177,1.17764,1.17681,1.1772,6371
2026-05-29T19:00:00+00:00,1.1772,1.17773,1.17714,1.17723,4560
2026-05-29T20:00:00+00:00,1.17723,1.17726,1.17653,1.17657,3358
2026-05-31T21:00:00+00:00,1.17657,1.1776100000000003,1.17653,1.1773500000000003,541.407417375544
2026-05-31T22:00:00+00:00,1.1773500000000003,1.1774700000000002,1.1767800000000004,1.1771000000000003,2896
2026-05-31T23:00:00+00:00,1.1771000000000003,1.1772300000000002,1.1765100000000004,1.1765200000000002,4822
2026-06-01T00:00:00+00:00,1.1765200000000002,1.1770500000000004,1.1761600000000003,1.1764300000000003,7428
2026-06-01T01:00:00+00:00,1.1764300000000003,1.1764900000000003,1.1758600000000003,1.1761500000000003,4560
2026-06-01T02:00:00+00:00,1.1761500000000003,1.1763700000000004,1.1760300000000004,1.1763200000000003,2843
2026-06-01T03:00:00+00:00,1.1763200000000003,1.1765700000000003,1.1758300000000004,1.1760400000000002,3590
2026-06-01T04:00:00+00:00,1.1760400000000002,1.1765200000000002,1.1759900000000003,1.1764800000000002,2279
2026-06-01T05:00:00+00:00,1.1764800000000002,1.1770100000000003,1.1764400000000004,1.1767900000000002,3429
2026-06-01T06:00:00+00:00,1.1767900000000002,1.1781400000000002,1.1766800000000002,1.1781300000000003,9275
2026-06-01T07:00:00+00:00,1.1781300000000003,1.1781300000000003,1.1768400000000003,1.1773200000000004,7177
2026-06-01T08:00:00+00:00,1.1773200000000004,1.1776800000000003,1.1770000000000003,1.1774400000000003,5999
2026-06-01T09:00:00+00:00,1.1774400000000003,1.1777300000000004,1.1764900000000003,1.1767500000000002,6302
2026-06-01T10:00:00+00:00,1.1767500000000002,1.1767800000000004,1.1762700000000004,1.1764100000000002,4776
2026-06-01T11:00:00+00:00,1.1764100000000002,1.1764800000000002,1.1758300000000004,1.1762900000000003,5122
2026-06-01T12:00:00+00:00,1.1762900000000003,1.1767100000000004,1.1761800000000002,1.1764000000000003,7241
2026-06-01T13:00:00+00:00,1.1764000000000003,1.1764900000000003,1.1726700000000003,1.1726900000000002,23099
2026-06-01T14:00:00+00:00,1.1726900000000002,1.1735000000000002,1.1723100000000002,1.1734100000000003,17404
2026-06-01T15:00:00+00:00,1.1734100000000003,1.1745400000000004,1.1731700000000003,1.1739700000000002,16120
2026-06-01T16:00:00+00:00,1.1739700000000002,1.1747100000000004,1.1733000000000002,1.1746400000000004,10891
2026-06-01T17:00:00+00:00,1.1746400000000004,1.1754600000000002,1.1741800000000002,1.1751500000000004,9902
2026-06-01T18:00:00+00:00,1.1751500000000004,1.1752000000000002,1.1747200000000002,1.1747400000000003,4241
2026-06-01T19:00:00+00:00,1.1747400000000003,1.1750400000000003,1.1743200000000003,1.1748300000000003,5455
2026-06-01T20:00:00+00:00,1.1748300000000003,1.1750500000000004,1.1747200000000002,1.1748300000000003,2179
2026-06-01T21:00:00+00:00,1.1748300000000003,1.1751300000000002,1.1743400000000004,1.1749500000000004,1158.3377674603007
2026-06-01T22:00:00+00:00,1.1749500000000004,1.1751300000000002,1.1749000000000003,1.1750600000000002,964.0230020642878
2026-06-01T23:00:00+00:00,1.1750600000000002,1.1752800000000003,1.1749500000000004,1.1752000000000002,1339
2026-06-02T00:00:00+00:00,1.1752000000000002,1.1752200000000004,1.1745900000000002,1.1748000000000003,4265
2026-06-02T01:00:00+00:00,1.1748000000000003,1.1753600000000002,1.1745200000000002,1.1747200000000002,4435
2026-06-02T02:00:00+00:00,1.1747200000000002,1.1751200000000004,1.1746900000000002,1.1747500000000002,2549
2026-06-02T03:00:00+00:00,1.1747500000000002,1.1751900000000002,1.1747500000000002,1.1750800000000003,2419
2026-06-02T04:00:00+00:00,1.1750800000000003,1.1755400000000003,1.1750800000000003,1.1754400000000003,2356
2026-06-02T05:00:00+00:00,1.1754400000000003,1.1756300000000002,1.1752900000000004,1.1753800000000003,2431
2026-06-02T06:00:00+00:00,1.1753800000000003,1.1768900000000002,1.1753800000000003,1.1767000000000003,7780
2026-06-02T07:00:00+00:00,1.1767000000000003,1.1767400000000003,1.1761500000000003,1.1765200000000002,6498
2026-06-02T08:00:00+00:00,1.1765200000000002,1.1769200000000002,1.1758700000000002,1.1760200000000003,5854
2026-06-02T09:00:00+00:00,1.1760200000000003,1.1761500000000003,1.1756800000000003,1.1759800000000002,5241
2026-06-02T10:00:00+00:00,1.1759800000000002,1.1762800000000002,1.1755000000000002,1.1760400000000002,4661
2026-06-02T11:00:00+00:00,1.1760400000000002,1.1769400000000003,1.1760300000000004,1.1766200000000002,5147
2026-06-02T12:00:00+00:00,1.1766200000000002,1.1772300000000002,1.1764000000000003,1.1767200000000002,7027
2026-06-02T13:00:00+00:00,1.1767200000000002,1.1769000000000003,1.1756200000000003,1.1759600000000003,9851
2026-06-02T14:00:00+00:00,1.1759600000000003,1.1766500000000002,1.1752800000000003,1.1760300000000004,10150
2026-06-02T15:00:00+00:00,1.1760300000000004,1.1761800000000002,1.1752100000000003,1.1757200000000003,11875
2026-06-02T16:00:00+00:00,1.1757200000000003,1.1757800000000003,1.1743500000000002,1.1745000000000003,6133
2026-06-02T17:00:00+00:00,1.1745000000000003,1.1746400000000004,1.1736800000000003,1.1738100000000002,4600
2026-06-02T18:00:00+00:00,1.1738100000000002,1.1746700000000003,1.1730100000000003,1.1745100000000004,5330
2026-06-02T19:00:00+00:00,1.1745100000000004,1.1749700000000003,1.1745100000000004,1.1749000000000003,3501
2026-06-02T20:00:00+00:00,1.1749000000000003,1.1751400000000003,1.1746500000000002,1.1748300000000003,2257
2026-06-02T21:00:00+00:00,1.1748300000000003,1.1750500000000001,1.1743100000000002,1.1747100000000001,820.4048299382432
2026-06-02T22:00:00+00:00,1.1747100000000001,1.1748600000000002,1.1744700000000001,1.1745100000000002,1363
2026-06-02T23:00:00+00:00,1.1745100000000002,1.1745900000000002,1.17382,1.1739700000000002,3196
2026-06-03T00:00:00+00:00,1.1739700000000002,1.1749300000000003,1.17389,1.1747500000000002,4100
2026-06-03T01:00:00+00:00,1.1747500000000002,1.17521,1.1744800000000002,1.1748100000000001,4526
2026-06-03T02:00:00+00:00,1.1748100000000001,1.1750500000000001,1.17433,1.17467,3093
2026-06-03T03:00:00+00:00,1.17467,1.1748100000000001,1.1744800000000002,1.1745900000000002,2415
2026-06-03T04:00:00+00:00,1.1745900000000002,1.1746600000000003,1.1742900000000003,1.1744100000000002,1934
2026-06-03T05:00:00+00:00,1.1744100000000002,1.1745700000000001,1.17372,1.17372,3161
2026-06-03T06:00:00+00:00,1.17372,1.1740900000000003,1.1730900000000002,1.1734900000000001,8255
2026-06-03T07:00:00+00:00,1.1734900000000001,1.1742900000000003,1.1731400000000003,1.1734600000000002,9077
2026-06-03T08:00:00+00:00,1.1734600000000002,1.1735400000000002,1.1723600000000003,1.1726600000000003,8022
2026-06-03T09:00:00+00:00,1.1726600000000003,1.17345,1.1726400000000001,1.17321,6245
2026-06-03T10:00:00+00:00,1.17321,1.1741500000000002,1.1731300000000002,1.1734800000000003,8458
2026-06-03T11:00:00+00:00,1.1734800000000003,1.1741200000000003,1.1733900000000002,1.1736400000000002,5404
2026-06-03T12:00:00+00:00,1.1736400000000002,1.1737100000000003,1.1715100000000003,1.1719100000000002,9227
2026-06-03T13:00:00+00:00,1.1719100000000002,1.1724900000000003,1.1715900000000001,1.1721200000000003,11511
2026-06-03T14:00:00+00:00,1.1721200000000003,1.1730900000000002,1.1713300000000002,1.1730900000000002,16265
2026-06-03T15:00:00+00:00,1.1730900000000002,1.1731500000000001,1.1720900000000003,1.17233,12525
2026-06-03T16:00:00+00:00,1.17233,1.1723600000000003,1.1713700000000002,1.1718800000000003,8249
2026-06-03T17:00:00+00:00,1.1718800000000003,1.1722200000000003,1.1715400000000002,1.1716900000000001,4392
2026-06-03T18:00:00+00:00,1.1716900000000001,1.17185,1.1713600000000002,1.1717,3876.1873872670185
2026-06-03T19:00:00+00:00,1.1717,1.17197,1.17158,1.17167,4162
2026-06-03T20:00:00+00:00,1.17167,1.1719300000000001,1.17157,1.17161,2371
2026-06-03T21:00:00+00:00,1.17161,1.1718899999999999,1.1714,1.1716899999999997,1275.2751384639632
2026-06-03T22:00:00+00:00,1.1716899999999997,1.1731599999999993,1.1713799999999996,1.1725099999999993,2677.646651744131
2026-06-03T23:00:00+00:00,1.1725099999999993,1.1730199999999993,1.1720699999999993,1.1728299999999994,2968
2026-06-04T00:00:00+00:00,1.1728299999999994,1.1731899999999993,1.1724799999999993,1.1725899999999994,5997
2026-06-04T01:00:00+00:00,1.1725899999999994,1.1729499999999995,1.1723199999999994,1.1728899999999993,4565
2026-06-04T02:00:00+00:00,1.1728899999999993,1.1730599999999993,1.1725599999999994,1.1729399999999994,3427
2026-06-04T03:00:00+00:00,1.1729399999999994,1.1729399999999994,1.1721899999999994,1.1725299999999994,2782
2026-06-04T04:00:00+00:00,1.1725299999999994,1.1732299999999993,1.1723299999999994,1.1729099999999995,3185
2026-06-04T05:00:00+00:00,1.1729099999999995,1.1729799999999995,1.1724599999999994,1.1729099999999995,3756
2026-06-04T06:00:00+00:00,1.1729099999999995,1.1734299999999993,1.1726499999999993,1.1730099999999994,6839
2026-06-04T07:00:00+00:00,1.1730099999999994,1.1732099999999994,1.1717799999999994,1.1723299999999994,7360
2026-06-04T08:00:00+00:00,1.1723299999999994,1.1733399999999994,1.1722899999999994,1.1732499999999995,7804
2026-06-04T09:00:00+00:00,1.1732499999999995,1.1747799999999995,1.1732399999999994,1.1745099999999993,8416
2026-06-04T10:00:00+00:00,1.1745099999999993,1.1753499999999995,1.1744499999999993,1.1749799999999995,7139
2026-06-04T11:00:00+00:00,1.1749799999999995,1.1764799999999993,1.1749699999999994,1.1761099999999993,10382
2026-06-04T12:00:00+00:00,1.1761099999999993,1.1764599999999994,1.1753699999999994,1.1756199999999994,10544
2026-06-04T13:00:00+00:00,1.1756199999999994,1.1759299999999995,1.1753299999999993,1.1755399999999994,14990
2026-06-04T14:00:00+00:00,1.1755399999999994,1.1759199999999994,1.1748399999999994,1.1749899999999993,8555
2026-06-04T15:00:00+00:00,1.1749899999999993,1.1750899999999993,1.1741699999999995,1.1747599999999994,7791
2026-06-04T16:00:00+00:00,1.1747599999999994,1.1749099999999995,1.1742499999999993,1.1742699999999995,5506
2026-06-04T17:00:00+00:00,1.1742699999999995,1.1743299999999994,1.1738799999999994,1.1739999999999995,3581
2026-06-04T18:00:00+00:00,1.1739999999999995,1.1741899999999994,1.1732699999999994,1.1734299999999993,3074
2026-06-04T19:00:00+00:00,1.1734299999999993,1.1735499999999994,1.1729899999999993,1.1731799999999994,3557
2026-06-04T20:00:00+00:00,1.1731799999999994,1.1732899999999993,1.1727299999999994,1.1729599999999993,2032
2026-06-04T21:00:00+00:00,1.1729599999999993,1.1734299999999993,1.1727499999999993,1.1730699999999992,1129.3322188117759
2026-06-04T22:00:00+00:00,1.1730699999999992,1.1732399999999992,1.1729799999999992,1.1730999999999994,728.4261460101868
2026-06-04T23:00:00+00:00,1.1730999999999994,1.1732499999999992,1.1730699999999992,1.1731099999999992,1028.248719408082
2026-06-05T00:00:00+00:00,1.1731099999999992,1.1732899999999993,1.1729699999999992,1.1731599999999993,4540
2026-06-05T01:00:00+00:00,1.1731599999999993,1.1733799999999992,1.1728599999999993,1.1732399999999992,5095
2026-06-05T02:00:00+00:00,1.1732399999999992,1.1735399999999994,1.1731299999999993,1.1732899999999993,3322
2026-06-05T03:00:00+00:00,1.1732899999999993,1.1734499999999992,1.1732399999999992,1.1733599999999993,2892
2026-06-05T04:00:00+00:00,1.1733599999999993,1.1735799999999992,1.1732599999999993,1.1734799999999992,2961
2026-06-05T05:00:00+00:00,1.1734799999999992,1.1738099999999994,1.1733799999999992,1.1734399999999994,2807
2026-06-05T06:00:00+00:00,1.1734399999999994,1.1741599999999992,1.1731799999999992,1.1741099999999993,5856
2026-06-05T07:00:00+00:00,1.1741099999999993,1.1755999999999993,1.1740499999999994,1.1750899999999993,6530
2026-06-05T08:00:00+00:00,1.1750899999999993,1.1758799999999994,1.1750699999999992,1.1755499999999992,6611
2026-06-05T09:00:00+00:00,1.1755499999999992,1.1763199999999994,1.1753499999999992,1.1757499999999992,6532
2026-06-05T10:00:00+00:00,1.1757499999999992,1.1763199999999994,1.1757299999999993,1.1758999999999993,4388
2026-06-05T11:00:00+00:00,1.1758999999999993,1.1760799999999993,1.1753299999999993,1.1760399999999993,5935
2026-06-05T12:00:00+00:00,1.1760399999999993,1.1761799999999993,1.1705099999999993,1.1705399999999992,18935
2026-06-05T13:00:00+00:00,1.1705399999999992,1.1718399999999993,1.1690599999999993,1.1690699999999994,25793
2026-06-05T14:00:00+00:00,1.1690699999999994,1.1699399999999993,1.1668199999999993,1.1677799999999994,20121
2026-06-05T15:00:00+00:00,1.1677799999999994,1.1678899999999992,1.1650299999999993,1.1651399999999992,14177
2026-06-05T16:00:00+00:00,1.1651399999999992,1.1651899999999993,1.1641399999999993,1.1650999999999994,10554
2026-06-05T17:00:00+00:00,1.1650999999999994,1.1651799999999992,1.1638099999999993,1.1643099999999993,8346
2026-06-05T18:00:00+00:00,1.1643099999999993,1.1647899999999993,1.1638299999999993,1.1641899999999992,9621
2026-06-05T19:00:00+00:00,1.1641899999999992,1.1646299999999994,1.1637199999999992,1.1644199999999993,7196
2026-06-05T20:00:00+00:00,1.1644199999999993,1.1644799999999993,1.1636899999999992,1.1639399999999993,4165.47629951912
2026-06-07T21:00:00+00:00,1.1639399999999993,1.1645699999999999,1.1639299999999995,1.1644299999999999,663.1249995333981
2026-06-07T22:00:00+00:00,1.1644299999999999,1.1653799999999999,1.16437,1.16481,4837
2026-06-07T23:00:00+00:00,1.16481,1.1657699999999998,1.16481,1.16569,3616
2026-06-08T00:00:00+00:00,1.16569,1.16685,1.1655699999999998,1.1668299999999998,5673
2026-06-08T01:00:00+00:00,1.1668299999999998,1.1669699999999998,1.1646599999999998,1.1661299999999999,14195
2026-06-08T02:00:00+00:00,1.1661299999999999,1.1666599999999998,1.1655399999999998,1.1663499999999998,7553
2026-06-08T03:00:00+00:00,1.1663499999999998,1.1667399999999999,1.1661,1.1667299999999998,3508
2026-06-08T04:00:00+00:00,1.1667299999999998,1.1668899999999998,1.1664799999999997,1.1666299999999998,3294
2026-06-08T05:00:00+00:00,1.1666299999999998,1.1674799999999999,1.1652699999999998,1.16542,7206
2026-06-08T06:00:00+00:00,1.16542,1.1659799999999998,1.16485,1.16502,10568
2026-06-08T07:00:00+00:00,1.16502,1.1661799999999998,1.1649199999999997,1.16515,11669
2026-06-08T08:00:00+00:00,1.16515,1.16583,1.1642799999999998,1.1643199999999998,11832
2026-06-08T09:00:00+00:00,1.1643199999999998,1.16495,1.1634699999999998,1.1647399999999999,12128
2026-06-08T10:00:00+00:00,1.1647399999999999,1.16671,1.16451,1.1659399999999998,11708
2026-06-08T11:00:00+00:00,1.1659399999999998,1.1678799999999998,1.16583,1.1671599999999998,13864
2026-06-08T12:00:00+00:00,1.1671599999999998,1.16786,1.1670099999999999,1.1676999999999997,10976
2026-06-08T13:00:00+00:00,1.1676999999999997,1.1689599999999998,1.1676299999999997,1.1676399999999998,14415
2026-06-08T14:00:00+00:00,1.1676399999999998,1.1679499999999998,1.1666699999999999,1.1677699999999998,13868
2026-06-08T15:00:00+00:00,1.1677699999999998,1.1682799999999998,1.16715,1.1679199999999998,10794
2026-06-08T16:00:00+00:00,1.1679199999999998,1.1681099999999998,1.16739,1.16739,6563
2026-06-08T17:00:00+00:00,1.16739,1.16766,1.1670599999999998,1.16729,6297
2026-06-08T18:00:00+00:00,1.16729,1.1676999999999997,1.1662599999999999,1.1663299999999999,6286
2026-06-08T19:00:00+00:00,1.1663299999999999,1.1669299999999998,1.1663099999999997,1.1665699999999999,6165
2026-06-08T20:00:00+00:00,1.1665699999999999,1.1668899999999998,1.1665299999999998,1.1668399999999999,2360
2026-06-08T21:00:00+00:00,1.1668399999999999,1.1675499999999999,1.1665999999999999,1.1671899999999997,1307.7457833814653
2026-06-08T22:00:00+00:00,1.1671899999999997,1.1671899999999997,1.1667699999999999,1.1668699999999999,1269
2026-06-08T23:00:00+00:00,1.1668699999999999,1.1669299999999998,1.1663099999999997,1.1663399999999997,1826
2026-06-09T00:00:00+00:00,1.1663399999999997,1.1666799999999997,1.1662199999999998,1.1666499999999997,6105
2026-06-09T01:00:00+00:00,1.1666499999999997,1.1674799999999999,1.1665599999999998,1.1674799999999999,5569
2026-06-09T02:00:00+00:00,1.1674799999999999,1.1675599999999997,1.1671799999999999,1.1672799999999999,4175
2026-06-09T03:00:00+00:00,1.1672799999999999,1.16752,1.1670099999999999,1.1673299999999998,3708
2026-06-09T04:00:00+00:00,1.1673299999999998,1.1683499999999998,1.1672199999999997,1.1680799999999998,3147
2026-06-09T05:00:00+00:00,1.1680799999999998,1.1682799999999998,1.1674799999999999,1.1679999999999997,5909
2026-06-09T06:00:00+00:00,1.1679999999999997,1.1688699999999999,1.1678699999999997,1.1679199999999998,8067
2026-06-09T07:00:00+00:00,1.1679199999999998,1.1682099999999997,1.1672599999999997,1.1674499999999999,8535
2026-06-09T08:00:00+00:00,1.1674499999999999,1.1687899999999998,1.1671599999999998,1.1685899999999998,7815
2026-06-09T09:00:00+00:00,1.1685899999999998,1.1699099999999998,1.1685499999999998,1.1696699999999998,6194
2026-06-09T10:00:00+00:00,1.1696699999999998,1.1704999999999999,1.1695299999999997,1.1700599999999999,5633
2026-06-09T11:00:00+00:00,1.1700599999999999,1.1709499999999997,1.1700599999999999,1.1707899999999998,4855
2026-06-09T12:00:00+00:00,1.1707899999999998,1.1710199999999997,1.1704399999999997,1.1708899999999998,6674
2026-06-09T13:00:00+00:00,1.1708899999999998,1.1713299999999998,1.1698899999999999,1.1701599999999999,11717
2026-06-09T14:00:00+00:00,1.1701599999999999,1.1708599999999998,1.1693399999999998,1.16976,18444
2026-06-09T15:00:00+00:00,1.16976,1.1702499999999998,1.1681,1.1690399999999999,15180
2026-06-09T16:00:00+00:00,1.1690399999999999,1.1692599999999997,1.16637,1.1676199999999999,22378
2026-06-09T17:00:00+00:00,1.1676199999999999,1.1688299999999998,1.16752,1.1683299999999999,13252
2026-06-09T18:00:00+00:00,1.1683299999999999,1.1688299999999998,1.1681499999999998,1.1685099999999997,8015
2026-06-09T19:00:00+00:00,1.1685099999999997,1.1685699999999999,1.16749,1.1676799999999998,7688
2026-06-09T20:00:00+00:00,1.1676799999999998,1.1680799999999998,1.16759,1.1678099999999998,2400
2026-06-09T21:00:00+00:00,1.1678099999999998,1.1678099999999998,1.1670199999999997,1.1672299999999998,847.0951188009208
2026-06-09T22:00:00+00:00,1.1672299999999998,1.1675699999999998,1.1671299999999998,1.1671799999999999,1733
2026-06-09T23:00:00+00:00,1.1671799999999999,1.16742,1.1668399999999999,1.1670399999999999,2547
2026-06-10T00:00:00+00:00,1.1670399999999999,1.1678699999999997,1.1668499999999997,1.1677399999999998,8680
2026-06-10T01:00:00+00:00,1.1677399999999998,1.1678099999999998,1.1670599999999998,1.1672899999999997,7822
2026-06-10T02:00:00+00:00,1.1672899999999997,1.16803,1.1672199999999997,1.1677699999999998,5161
2026-06-10T03:00:00+00:00,1.1677699999999998,1.16874,1.16776,1.1685499999999998,5155
2026-06-10T04:00:00+00:00,1.1685499999999998,1.1685799999999997,1.1679799999999998,1.1681699999999997,4378
2026-06-10T05:00:00+00:00,1.1681699999999997,1.16908,1.1680599999999999,1.1689499999999997,5490
2026-06-10T06:00:00+00:00,1.1689499999999997,1.16935,1.1683499999999998,1.1684099999999997,7828
2026-06-10T07:00:00+00:00,1.1684099999999997,1.1693899999999997,1.1681899999999998,1.16891,8164
2026-06-10T08:00:00+00:00,1.16891,1.1689499999999997,1.1683399999999997,1.1688899999999998,9481
2026-06-10T09:00:00+00:00,1.1688899999999998,1.1694999999999998,1.1685899999999998,1.16932,8251
2026-06-10T10:00:00+00:00,1.16932,1.1694499999999999,1.1685599999999998,1.16874,6444
2026-06-10T11:00:00+00:00,1.16874,1.1687799999999997,1.1670699999999998,1.1671899999999997,16279
2026-06-10T12:00:00+00:00,1.1671899999999997,1.1699999999999997,1.1671299999999998,1.16837,15143
2026-06-10T13:00:00+00:00,1.16837,1.1708399999999999,1.16827,1.1697699999999998,14713
2026-06-10T14:00:00+00:00,1.1697699999999998,1.1702399999999997,1.1685299999999998,1.16874,17895
2026-06-10T15:00:00+00:00,1.16874,1.1692099999999999,1.1669499999999997,1.1684599999999998,19405
2026-06-10T16:00:00+00:00,1.1684599999999998,1.1694799999999999,1.16837,1.16891,10548
2026-06-10T17:00:00+00:00,1.16891,1.1691999999999998,1.1679899999999999,1.1687799999999997,9481
2026-06-10T18:00:00+00:00,1.1687799999999997,1.1692899999999997,1.1683399999999997,1.1683499999999998,8556
2026-06-10T19:00:00+00:00,1.1683499999999998,1.1684099999999997,1.1676299999999997,1.1676699999999998,6812
2026-06-10T20:00:00+00:00,1.1676699999999998,1.1676799999999998,1.1670099999999999,1.1670699999999998,3217
2026-06-10T21:00:00+00:00,1.1670699999999998,1.16749,1.16691,1.1670399999999996,646.4012046421194
2026-06-10T22:00:00+00:00,1.1670399999999996,1.1672299999999998,1.1663899999999996,1.1665399999999997,4129
2026-06-10T23:00:00+00:00,1.1665399999999997,1.1673299999999998,1.1661099999999998,1.1670799999999997,6747.614852398524
2026-06-11T00:00:00+00:00,1.1670799999999997,1.1678499999999998,1.1670799999999997,1.1677899999999999,8083
2026-06-11T01:00:00+00:00,1.1677899999999999,1.1691499999999997,1.1677099999999998,1.1689499999999997,7019
2026-06-11T02:00:00+00:00,1.1689499999999997,1.1689699999999998,1.1681599999999999,1.1683499999999998,6126
2026-06-11T03:00:00+00:00,1.1683499999999998,1.1684599999999998,1.1679899999999999,1.1680899999999999,4216
2026-06-11T04:00:00+00:00,1.1680899999999999,1.1685899999999998,1.1677999999999997,1.1683799999999998,4425
2026-06-11T05:00:00+00:00,1.1683799999999998,1.1686899999999998,1.1680999999999997,1.1682799999999998,5278
2026-06-11T06:00:00+00:00,1.1682799999999998,1.1683,1.1675899999999997,1.1677099999999998,5336
2026-06-11T07:00:00+00:00,1.1677099999999998,1.1690999999999998,1.1676799999999998,1.1680499999999998,7139
2026-06-11T08:00:00+00:00,1.1680499999999998,1.1680899999999999,1.1666099999999997,1.1667699999999999,7181
2026-06-11T09:00:00+00:00,1.1667699999999999,1.1672799999999999,1.1665399999999997,1.1669499999999997,5545
2026-06-11T10:00:00+00:00,1.1669499999999997,1.1669999999999998,1.1658699999999997,1.1666799999999997,6221
2026-06-11T11:00:00+00:00,1.1666799999999997,1.1677199999999999,1.1666799999999997,1.1673799999999999,6293
2026-06-11T12:00:00+00:00,1.1673799999999999,1.1679099999999998,1.1651699999999998,1.1675299999999997,17453
2026-06-11T13:00:00+00:00,1.1675299999999997,1.1676099999999998,1.1653099999999998,1.1665099999999997,16647
2026-06-11T14:00:00+00:00,1.1665099999999997,1.1665999999999999,1.1650199999999997,1.1654899999999997,11617
2026-06-11T15:00:00+00:00,1.1654899999999997,1.1659899999999999,1.1649499999999997,1.1649999999999998,12235
2026-06-11T16:00:00+00:00,1.1649999999999998,1.1651699999999998,1.1642599999999999,1.1644599999999998,7542
2026-06-11T17:00:00+00:00,1.1644599999999998,1.1701799999999998,1.1638299999999997,1.1686599999999998,26365
2026-06-11T18:00:00+00:00,1.1686599999999998,1.1702099999999998,1.1676699999999998,1.1693399999999998,15396
2026-06-11T19:00:00+00:00,1.1693399999999998,1.1725199999999998,1.1693299999999998,1.1714399999999998,13206
2026-06-11T20:00:00+00:00,1.1714399999999998,1.1718999999999997,1.1711899999999997,1.1714099999999998,4553
2026-06-11T21:00:00+00:00,1.1714099999999998,1.1715799999999998,1.1710499999999997,1.1711999999999998,825.7312381124924
2026-06-11T22:00:00+00:00,1.1711999999999998,1.1720599999999999,1.1708699999999999,1.1720499999999998,2832
2026-06-11T23:00:00+00:00,1.1720499999999998,1.1722199999999998,1.1709999999999998,1.17112,3636
2026-06-12T00:00:00+00:00,1.17112,1.1712299999999998,1.1701799999999998,1.1705299999999998,8243
2026-06-12T01:00:00+00:00,1.1705299999999998,1.1705699999999999,1.1697199999999999,1.1698899999999999,6937
2026-06-12T02:00:00+00:00,1.1698899999999999,1.1705999999999999,1.16983,1.1702299999999999,4488
2026-06-12T03:00:00+00:00,1.1702299999999999,1.1710899999999997,1.17007,1.1707599999999998,5574
2026-06-12T04:00:00+00:00,1.1707599999999998,1.1710699999999998,1.1704299999999999,1.17071,3855
2026-06-12T05:00:00+00:00,1.17071,1.1709399999999999,1.16929,1.16932,6756
2026-06-12T06:00:00+00:00,1.16932,1.1709899999999998,1.1693099999999998,1.1708599999999998,8825
2026-06-12T07:00:00+00:00,1.1708599999999998,1.1709199999999997,1.1692699999999998,1.1702099999999998,11239
2026-06-12T08:00:00+00:00,1.1702099999999998,1.1721199999999998,1.1701,1.1712399999999998,14708
2026-06-12T09:00:00+00:00,1.1712399999999998,1.17251,1.1709199999999997,1.17197,10390
2026-06-12T10:00:00+00:00,1.17197,1.1721199999999998,1.1704499999999998,1.1709599999999998,9817
2026-06-12T11:00:00+00:00,1.1709599999999998,1.1714999999999998,1.1706199999999998,1.1706999999999999,7804
2026-06-12T12:00:00+00:00,1.1706999999999999,1.17081,1.1695699999999998,1.1699099999999998,9971
2026-06-12T13:00:00+00:00,1.1699099999999998,1.1714699999999998,1.1697399999999998,1.1704999999999999,15665
2026-06-12T14:00:00+00:00,1.1704999999999999,1.1714699999999998,1.1701799999999998,1.1708899999999998,18780
2026-06-12T15:00:00+00:00,1.1708899999999998,1.1719199999999999,1.1707199999999998,1.1708599999999998,14382
2026-06-12T16:00:00+00:00,1.1708599999999998,1.1713399999999998,1.1704999999999999,1.17102,11602
2026-06-12T17:00:00+00:00,1.17102,1.17132,1.17074,1.17102,5752
2026-06-12T18:00:00+00:00,1.17102,1.17142,1.1707999999999998,1.1710399999999999,5147
2026-06-12T19:00:00+00:00,1.1710399999999999,1.1713299999999998,1.1704299999999999,1.17071,5428
2026-06-12T20:00:00+00:00,1.17071,1.17074,1.1700499999999998,1.1702199999999998,3351.32592970811
2026-06-14T21:00:00+00:00,1.1702199999999998,1.1738099999999996,1.1702199999999998,1.1737199999999997,1541.5307690483621
2026-06-14T22:00:00+00:00,1.1737199999999997,1.1749999999999996,1.1732799999999997,1.1741099999999995,7887
2026-06-14T23:00:00+00:00,1.1741099999999995,1.1741899999999996,1.1734699999999996,1.1735399999999996,4623
2026-06-15T00:00:00+00:00,1.1735399999999996,1.1744299999999996,1.1730499999999997,1.1731399999999996,7829
2026-06-15T01:00:00+00:00,1.1731399999999996,1.1734199999999997,1.1726699999999997,1.1730599999999995,5033
2026-06-15T02:00:00+00:00,1.1730599999999995,1.1733999999999996,1.1726899999999996,1.1732099999999996,3427
2026-06-15T03:00:00+00:00,1.1732099999999996,1.1737799999999996,1.1730999999999996,1.1736799999999996,3197
2026-06-15T04:00:00+00:00,1.1736799999999996,1.1745899999999996,1.1735699999999996,1.1745099999999995,2780
2026-06-15T05:00:00+00:00,1.1745099999999995,1.1754599999999995,1.1745099999999995,1.1749399999999997,4199
2026-06-15T06:00:00+00:00,1.1749399999999997,1.1750499999999995,1.1733199999999997,1.1738899999999997,7822
2026-06-15T07:00:00+00:00,1.1738899999999997,1.1743099999999995,1.1733999999999996,1.1738699999999995,9288
2026-06-15T08:00:00+00:00,1.1738699999999995,1.1742799999999995,1.1729599999999996,1.1733899999999995,7823
2026-06-15T09:00:00+00:00,1.1733899999999995,1.1743299999999997,1.1733199999999997,1.1739399999999995,6390
2026-06-15T10:00:00+00:00,1.1739399999999995,1.1746999999999996,1.1735799999999996,1.1743099999999995,5703
2026-06-15T11:00:00+00:00,1.1743099999999995,1.1746699999999997,1.1738199999999996,1.1741499999999996,7447
2026-06-15T12:00:00+00:00,1.1741499999999996,1.1752199999999995,1.1736799999999996,1.1747999999999996,8471
2026-06-15T13:00:00+00:00,1.1747999999999996,1.1753099999999996,1.1744599999999996,1.1749399999999997,11778
2026-06-15T14:00:00+00:00,1.1749399999999997,1.1751199999999995,1.1738199999999996,1.1740299999999997,12112
2026-06-15T15:00:00+00:00,1.1740299999999997,1.1740299999999997,1.1729099999999997,1.1730999999999996,7225
2026-06-15T16:00:00+00:00,1.1730999999999996,1.1737699999999995,1.1729899999999995,1.1735999999999995,5564
2026-06-15T17:00:00+00:00,1.1735999999999995,1.1736599999999997,1.1730599999999995,1.1731899999999995,4130
2026-06-15T18:00:00+00:00,1.1731899999999995,1.1735599999999995,1.1726499999999995,1.1727299999999996,5212
2026-06-15T19:00:00+00:00,1.1727299999999996,1.1728799999999997,1.1716999999999995,1.1717799999999996,5631
2026-06-15T20:00:00+00:00,1.1717799999999996,1.1722599999999996,1.1716199999999997,1.1722499999999996,2494
2026-06-15T21:00:00+00:00,1.1722499999999996,1.1722699999999997,1.1715299999999997,1.1718599999999997,1637.7636205894023
2026-06-15T22:00:00+00:00,1.1718599999999997,1.1720399999999995,1.1714999999999995,1.1718099999999996,1327
2026-06-15T23:00:00+00:00,1.1718099999999996,1.1723199999999996,1.1717999999999997,1.1720799999999996,1305
2026-06-16T00:00:00+00:00,1.1720799999999996,1.1723099999999995,1.1717399999999996,1.1722499999999996,4169
2026-06-16T01:00:00+00:00,1.1722499999999996,1.1724699999999997,1.1716499999999996,1.1717299999999997,5149
2026-06-16T02:00:00+00:00,1.1717299999999997,1.1718899999999997,1.1712299999999995,1.1717299999999997,3380
2026-06-16T03:00:00+00:00,1.1717299999999997,1.1718199999999996,1.1713499999999997,1.1715899999999997,3580
2026-06-16T04:00:00+00:00,1.1715899999999997,1.1716399999999996,1.1705299999999996,1.1708399999999997,4111
2026-06-16T05:00:00+00:00,1.1708399999999997,1.1710399999999996,1.1704799999999995,1.1704899999999996,3643
2026-06-16T06:00:00+00:00,1.1704899999999996,1.1717099999999996,1.1704299999999996,1.1716799999999996,6603
2026-06-16T07:00:00+00:00,1.1716799999999996,1.1725099999999997,1.1714499999999997,1.1725099999999997,7134
2026-06-16T08:00:00+00:00,1.1725099999999997,1.1736099999999996,1.1722699999999997,1.1735299999999995,6288
2026-06-16T09:00:00+00:00,1.1735299999999995,1.1738799999999996,1.1729299999999996,1.1730499999999997,6066
2026-06-16T10:00:00+00:00,1.1730499999999997,1.1742499999999996,1.1729999999999996,1.1741399999999995,5788
2026-06-16T11:00:00+00:00,1.1741399999999995,1.1741399999999995,1.1726699999999997,1.1728599999999996,5792
2026-06-16T12:00:00+00:00,1.1728599999999996,1.1731399999999996,1.1720899999999996,1.1729099999999997,7801
2026-06-16T13:00:00+00:00,1.1729099999999997,1.1733099999999996,1.1720699999999997,1.1722199999999996,9794
2026-06-16T14:00:00+00:00,1.1722199999999996,1.1737999999999997,1.1717499999999996,1.1736499999999996,12150
2026-06-16T15:00:00+00:00,1.1736499999999996,1.1748199999999995,1.1729299999999996,1.1743599999999996,10587
2026-06-16T16:00:00+00:00,1.1743599999999996,1.1749299999999996,1.1741199999999996,1.1742799999999995,7819
2026-06-16T17:00:00+00:00,1.1742799999999995,1.1743399999999997,1.1740299999999997,1.1740899999999996,4248
2026-06-16T18:00:00+00:00,1.1740899999999996,1.1743699999999997,1.1735899999999997,1.1740099999999996,4336
2026-06-16T19:00:00+00:00,1.1740099999999996,1.1743399999999997,1.1735299999999995,1.1737699999999995,5028
2026-06-16T20:00:00+00:00,1.1737699999999995,1.1739199999999996,1.1735999999999995,1.1737899999999997,2263
2026-06-16T21:00:00+00:00,1.1737899999999997,1.1740499999999996,1.1734199999999997,1.1736299999999995,2639.791476407915
2026-06-16T22:00:00+00:00,1.1736299999999995,1.1742199999999996,1.1736299999999995,1.1741499999999996,1179
2026-06-16T23:00:00+00:00,1.1741499999999996,1.1743999999999997,1.1738099999999996,1.1738799999999996,2521
2026-06-17T00:00:00+00:00,1.1738799999999996,1.1745799999999995,1.1737699999999995,1.1743699999999997,3844
2026-06-17T01:00:00+00:00,1.1743699999999997,1.1745199999999996,1.1739399999999995,1.1741499999999996,2884
2026-06-17T02:00:00+00:00,1.1741499999999996,1.1744199999999996,1.1738299999999995,1.1738299999999995,2091
2026-06-17T03:00:00+00:00,1.1738299999999995,1.1741399999999995,1.1737499999999996,1.1739499999999996,2015
2026-06-17T04:00:00+00:00,1.1739499999999996,1.1742599999999996,1.1739099999999996,1.1741499999999996,2001
2026-06-17T05:00:00+00:00,1.1741499999999996,1.1744099999999995,1.1739599999999997,1.1741199999999996,2670
2026-06-17T06:00:00+00:00,1.1741199999999996,1.1743899999999996,1.1732899999999995,1.1737099999999996,6020
2026-06-17T07:00:00+00:00,1.1737099999999996,1.1743999999999997,1.1733599999999995,1.1737499999999996,6097
2026-06-17T08:00:00+00:00,1.1737499999999996,1.1737599999999997,1.1727199999999995,1.1730899999999995,5918
2026-06-17T09:00:00+00:00,1.1730899999999995,1.1735099999999996,1.1729999999999996,1.1733099999999996,4272
2026-06-17T10:00:00+00:00,1.1733099999999996,1.1733799999999996,1.1724699999999997,1.1726199999999996,5089
2026-06-17T11:00:00+00:00,1.1726199999999996,1.1726399999999997,1.1714499999999997,1.1720699999999995,5469
2026-06-17T12:00:00+00:00,1.1720699999999995,1.1731899999999995,1.1719799999999996,1.1731299999999996,6185
2026-06-17T13:00:00+00:00,1.1731299999999996,1.1731999999999996,1.1724699999999997,1.1725999999999996,8475
2026-06-17T14:00:00+00:00,1.1725999999999996,1.1727599999999996,1.1709999999999996,1.1718499999999996,12875
2026-06-17T15:00:00+00:00,1.1718499999999996,1.1723099999999995,1.1716099999999996,1.1721599999999996,8258
2026-06-17T16:00:00+00:00,1.1721599999999996,1.1722399999999995,1.1717999999999995,1.1720899999999996,4921
2026-06-17T17:00:00+00:00,1.1720899999999996,1.1725399999999997,1.1716699999999995,1.1723999999999997,5161
2026-06-17T18:00:00+00:00,1.1723999999999997,1.1723999999999997,1.1664499999999995,1.1667799999999995,50680
2026-06-17T19:00:00+00:00,1.1667799999999995,1.1671099999999996,1.1606999999999996,1.1623299999999996,44439
2026-06-17T20:00:00+00:00,1.1623299999999996,1.1634599999999995,1.1616099999999996,1.1630199999999995,6687
2026-06-17T21:00:00+00:00,1.1630199999999995,1.1630599999999995,1.1627199999999995,1.1630199999999995,820.7953713180164
2026-06-17T22:00:00+00:00,1.1630199999999995,1.1633199999999995,1.1627999999999994,1.1632099999999994,2438
2026-06-17T23:00:00+00:00,1.1632099999999994,1.1635999999999995,1.1631199999999995,1.1634399999999994,2577.484806438185
2026-06-18T00:00:00+00:00,1.1634399999999994,1.1648199999999995,1.1634199999999995,1.1642999999999994,9741
2026-06-18T01:00:00+00:00,1.1642999999999994,1.1649899999999995,1.1642799999999995,1.1644099999999995,5940
2026-06-18T02:00:00+00:00,1.1644099999999995,1.1648399999999994,1.1640599999999994,1.1645399999999995,3765
2026-06-18T03:00:00+00:00,1.1645399999999995,1.1651899999999995,1.1645299999999994,1.1650999999999994,2991
2026-06-18T04:00:00+00:00,1.1650999999999994,1.1653999999999993,1.1648199999999995,1.1650599999999993,4228
2026-06-18T05:00:00+00:00,1.1650599999999993,1.1652399999999994,1.1637799999999994,1.1638199999999994,4567
2026-06-18T06:00:00+00:00,1.1638199999999994,1.1655799999999994,1.1637999999999995,1.1647099999999995,9951
2026-06-18T07:00:00+00:00,1.1647099999999995,1.1650599999999993,1.1633999999999993,1.1640399999999995,10842
2026-06-18T08:00:00+00:00,1.1640399999999995,1.1641599999999994,1.1609599999999993,1.1610199999999995,12865
2026-06-18T09:00:00+00:00,1.1610199999999995,1.1613399999999994,1.1602099999999995,1.1604199999999993,12683
2026-06-18T10:00:00+00:00,1.1604199999999993,1.1604899999999994,1.1587099999999995,1.1588399999999994,12436
2026-06-18T11:00:00+00:00,1.1588399999999994,1.1594399999999994,1.1581799999999993,1.1584799999999995,12615
2026-06-18T12:00:00+00:00,1.1584799999999995,1.1608999999999994,1.1580799999999993,1.1596899999999994,15330
2026-06-18T13:00:00+00:00,1.1596899999999994,1.1611599999999995,1.1590399999999994,1.1599699999999995,17923
2026-06-18T14:00:00+00:00,1.1599699999999995,1.1615099999999994,1.1595299999999995,1.1613899999999995,15064
2026-06-18T15:00:00+00:00,1.1613899999999995,1.1615099999999994,1.1596599999999995,1.1596799999999994,14195
2026-06-18T16:00:00+00:00,1.1596799999999994,1.1599799999999993,1.1588999999999994,1.1592799999999994,10611
2026-06-18T17:00:00+00:00,1.1592799999999994,1.1601099999999995,1.1589899999999995,1.1589999999999994,6685
2026-06-18T18:00:00+00:00,1.1589999999999994,1.1593199999999995,1.1586499999999995,1.1587099999999995,6306
2026-06-18T19:00:00+00:00,1.1587099999999995,1.1590399999999994,1.1578799999999994,1.1585299999999994,11056
2026-06-18T20:00:00+00:00,1.1585299999999994,1.1590699999999994,1.1583199999999994,1.1585399999999995,3361
2026-06-18T21:00:00+00:00,1.1585399999999995,1.1593799999999994,1.1583699999999995,1.1588199999999995,1209
2026-06-18T22:00:00+00:00,1.1588199999999995,1.1590899999999995,1.1586199999999993,1.1590599999999995,1921
2026-06-18T23:00:00+00:00,1.1590599999999995,1.1590799999999994,1.1584499999999995,1.1585699999999994,1974
2026-06-19T00:00:00+00:00,1.1585699999999994,1.1593199999999995,1.1585699999999994,1.1589399999999994,5436
2026-06-19T01:00:00+00:00,1.1589399999999994,1.1590899999999995,1.1580199999999994,1.1580699999999995,4373
2026-06-19T02:00:00+00:00,1.1580699999999995,1.1585399999999995,1.1579299999999995,1.1581999999999995,3293
2026-06-19T03:00:00+00:00,1.1581999999999995,1.1582299999999994,1.1569399999999994,1.1569999999999994,4868
2026-06-19T04:00:00+00:00,1.1569999999999994,1.1570999999999994,1.1554799999999994,1.1556199999999994,5231
2026-06-19T05:00:00+00:00,1.1556199999999994,1.1561299999999994,1.1545399999999995,1.1558299999999995,9333
2026-06-19T06:00:00+00:00,1.1558299999999995,1.1569799999999995,1.1556499999999994,1.1569599999999993,8467
2026-06-19T07:00:00+00:00,1.1569599999999993,1.1576799999999994,1.1569299999999993,1.1573999999999993,8397
2026-06-19T08:00:00+00:00,1.1573999999999993,1.1593399999999994,1.1573899999999995,1.1591899999999995,7978
2026-06-19T09:00:00+00:00,1.1591899999999995,1.1592199999999995,1.1585999999999994,1.1586999999999994,6524
2026-06-19T10:00:00+00:00,1.1586999999999994,1.1590999999999994,1.1579999999999995,1.1589999999999994,6474
2026-06-19T11:00:00+00:00,1.1589999999999994,1.1595499999999994,1.1586599999999994,1.1588699999999994,5412
2026-06-19T12:00:00+00:00,1.1588699999999994,1.1602399999999995,1.1588699999999994,1.1598499999999994,8890
2026-06-19T13:00:00+00:00,1.1598499999999994,1.1600099999999993,1.1584299999999994,1.1590599999999995,8722
2026-06-19T14:00:00+00:00,1.1590599999999995,1.1597699999999995,1.1585499999999995,1.1596099999999994,9025
2026-06-19T15:00:00+00:00,1.1596099999999994,1.1603699999999995,1.1590099999999994,1.1592399999999994,5988
2026-06-19T16:00:00+00:00,1.1592399999999994,1.1596899999999994,1.1589499999999995,1.1596499999999994,3082
2026-06-19T17:00:00+00:00,1.1596499999999994,1.1603899999999994,1.1595399999999993,1.1602399999999995,3984
2026-06-19T18:00:00+00:00,1.1602399999999995,1.1608299999999994,1.1601399999999995,1.1604199999999993,3389.8875450334535
2026-06-19T19:00:00+00:00,1.1604199999999993,1.1606199999999993,1.1602499999999996,1.1603099999999995,1915.9556763647752
2026-06-19T20:00:00+00:00,1.1603099999999995,1.1604899999999996,1.1591699999999996,1.1593599999999997,2235.414709107973
2026-06-21T21:00:00+00:00,1.1593599999999997,1.1605799999999997,1.1593599999999997,1.1599899999999999,665.2134769141625
2026-06-21T22:00:00+00:00,1.1599899999999999,1.1607999999999998,1.1595199999999997,1.1602999999999997,2303
2026-06-21T23:00:00+00:00,1.1602999999999997,1.1607199999999998,1.1598999999999997,1.1603499999999998,3084
2026-06-22T00:00:00+00:00,1.1603499999999998,1.1607599999999998,1.1598599999999997,1.1607399999999997,6860
2026-06-22T01:00:00+00:00,1.1607399999999997,1.1614599999999997,1.1604399999999997,1.1604499999999998,7938
2026-06-22T02:00:00+00:00,1.1604499999999998,1.1608699999999998,1.1601099999999998,1.1606299999999998,4284
2026-06-22T03:00:00+00:00,1.1606299999999998,1.1607799999999997,1.1595199999999997,1.1597199999999999,3975
2026-06-22T04:00:00+00:00,1.1597199999999999,1.1597899999999999,1.1593899999999997,1.1596999999999997,4308
2026-06-22T05:00:00+00:00,1.1596999999999997,1.1603799999999997,1.1594999999999998,1.1595299999999997,4841
2026-06-22T06:00:00+00:00,1.1595299999999997,1.1604299999999999,1.1593299999999997,1.1600999999999997,8816
2026-06-22T07:00:00+00:00,1.1600999999999997,1.1603599999999998,1.1585199999999998,1.1586799999999997,9634
2026-06-22T08:00:00+00:00,1.1586799999999997,1.1593999999999998,1.1582499999999998,1.1591899999999997,9456
2026-06-22T09:00:00+00:00,1.1591899999999997,1.1603999999999999,1.1591299999999998,1.1598899999999999,7581
2026-06-22T10:00:00+00:00,1.1598899999999999,1.1604499999999998,1.1595499999999999,1.1597299999999997,6763
2026-06-22T11:00:00+00:00,1.1597299999999997,1.1601099999999998,1.1588499999999997,1.1589599999999998,7274
2026-06-22T12:00:00+00:00,1.1589599999999998,1.1602799999999998,1.1588599999999998,1.1595899999999997,8781
2026-06-22T13:00:00+00:00,1.1595899999999997,1.1595999999999997,1.1569299999999998,1.1569599999999998,16243
2026-06-22T14:00:00+00:00,1.1569599999999998,1.1591399999999998,1.1566599999999998,1.1585699999999999,20517
2026-06-22T15:00:00+00:00,1.1585699999999999,1.1591199999999997,1.1571299999999998,1.1572799999999999,10464
2026-06-22T16:00:00+00:00,1.1572799999999999,1.1573299999999997,1.1566299999999998,1.1571999999999998,7423
2026-06-22T17:00:00+00:00,1.1571999999999998,1.1574399999999998,1.1568099999999997,1.1569999999999998,4514
2026-06-22T18:00:00+00:00,1.1569999999999998,1.1572499999999997,1.1563199999999998,1.1565299999999998,4511
2026-06-22T19:00:00+00:00,1.1565299999999998,1.1566499999999997,1.1559899999999999,1.1565899999999998,4877
2026-06-22T20:00:00+00:00,1.1565899999999998,1.1570299999999998,1.1565499999999997,1.1568599999999998,2385
2026-06-22T21:00:00+00:00,1.1568599999999998,1.1569599999999998,1.1562199999999998,1.1568399999999999,1004
2026-06-22T22:00:00+00:00,1.1568399999999999,1.1569899999999997,1.1566299999999998,1.1568399999999999,1574
2026-06-22T23:00:00+00:00,1.1568399999999999,1.1570099999999999,1.1566499999999997,1.1567699999999999,1549
2026-06-23T00:00:00+00:00,1.1567699999999999,1.1568699999999998,1.1563399999999997,1.1567799999999997,5327
2026-06-23T01:00:00+00:00,1.1567799999999997,1.1569199999999997,1.1563299999999999,1.1567599999999998,5274
2026-06-23T02:00:00+00:00,1.1567599999999998,1.1572799999999999,1.1566499999999997,1.1566799999999997,3963
2026-06-23T03:00:00+00:00,1.1566799999999997,1.1570799999999997,1.1559599999999999,1.1570499999999997,4240
2026-06-23T04:00:00+00:00,1.1570499999999997,1.1571099999999999,1.1560499999999998,1.1561899999999998,3241
2026-06-23T05:00:00+00:00,1.1561899999999998,1.1566499999999997,1.1559899999999999,1.1563899999999998,4489
2026-06-23T06:00:00+00:00,1.1563899999999998,1.1570999999999998,1.1560299999999997,1.1563899999999998,7906
2026-06-23T07:00:00+00:00,1.1563899999999998,1.1579999999999997,1.1550699999999998,1.1552599999999997,13107
2026-06-23T08:00:00+00:00,1.1552599999999997,1.1558499999999998,1.1545499999999997,1.1549199999999997,10366
2026-06-23T09:00:00+00:00,1.1549199999999997,1.1552299999999998,1.1546899999999998,1.1551899999999997,6943
2026-06-23T10:00:00+00:00,1.1551899999999997,1.1553699999999998,1.1536499999999998,1.1541599999999999,7152
2026-06-23T11:00:00+00:00,1.1541599999999999,1.1543699999999997,1.1525199999999998,1.1526599999999998,7471
2026-06-23T12:00:00+00:00,1.1526599999999998,1.1535499999999999,1.1523599999999998,1.1529799999999997,10086
2026-06-23T13:00:00+00:00,1.1529799999999997,1.1540999999999997,1.1525999999999998,1.1530699999999998,12509
2026-06-23T14:00:00+00:00,1.1530699999999998,1.1532199999999997,1.1516699999999997,1.1522899999999998,14911
2026-06-23T15:00:00+00:00,1.1522899999999998,1.1526499999999997,1.1516599999999997,1.1523899999999998,9491
2026-06-23T16:00:00+00:00,1.1523899999999998,1.1524799999999997,1.1519499999999998,1.1520499999999998,6495
2026-06-23T17:00:00+00:00,1.1520499999999998,1.1522599999999998,1.1517499999999998,1.1520499999999998,4703
2026-06-23T18:00:00+00:00,1.1520499999999998,1.1521599999999999,1.1516999999999997,1.1519699999999997,3804
2026-06-23T19:00:00+00:00,1.1519699999999997,1.1523799999999997,1.1519499999999998,1.1519899999999998,4819
2026-06-23T20:00:00+00:00,1.1519899999999998,1.1523099999999997,1.1518799999999998,1.1521699999999997,2248
2026-06-23T21:00:00+00:00,1.1521699999999997,1.1524599999999998,1.1519699999999997,1.1523799999999997,590
2026-06-23T22:00:00+00:00,1.1523799999999997,1.1524099999999997,1.1519599999999999,1.1522099999999997,1313.527514964279
2026-06-23T23:00:00+00:00,1.1522099999999997,1.1524299999999996,1.1519699999999997,1.1519799999999998,2037.9378427787933
2026-06-24T00:00:00+00:00,1.1519799999999998,1.1522999999999997,1.1514099999999996,1.1517099999999998,7359
2026-06-24T01:00:00+00:00,1.1517099999999998,1.1517699999999997,1.1511799999999996,1.1517299999999997,6332
2026-06-24T02:00:00+00:00,1.1517299999999997,1.1517699999999997,1.1507499999999997,1.1508299999999998,4389
2026-06-24T03:00:00+00:00,1.1508299999999998,1.1509599999999998,1.1502099999999997,1.1508099999999997,6044
2026-06-24T04:00:00+00:00,1.1508099999999997,1.1508399999999996,1.1501999999999997,1.1503799999999997,3522
2026-06-24T05:00:00+00:00,1.1503799999999997,1.1509199999999997,1.1503599999999996,1.1508799999999997,4234
2026-06-24T06:00:00+00:00,1.1508799999999997,1.1515999999999997,1.1498299999999997,1.1500099999999998,8395
2026-06-24T07:00:00+00:00,1.1500099999999998,1.1501699999999997,1.1492099999999996,1.1492299999999998,9397
2026-06-24T08:00:00+00:00,1.1492299999999998,1.1496699999999997,1.1478699999999997,1.1493599999999997,10424
2026-06-24T09:00:00+00:00,1.1493599999999997,1.1494599999999997,1.1485199999999998,1.1486799999999997,8376
2026-06-24T10:00:00+00:00,1.1486799999999997,1.1487299999999998,1.1479199999999996,1.1480499999999998,6886
2026-06-24T11:00:00+00:00,1.1480499999999998,1.1489799999999997,1.1477899999999996,1.1481099999999997,9391
2026-06-24T12:00:00+00:00,1.1481099999999997,1.1486899999999998,1.1465999999999996,1.1469899999999997,12712
2026-06-24T13:00:00+00:00,1.1469899999999997,1.1488599999999998,1.1465399999999997,1.1484999999999996,17691
2026-06-24T14:00:00+00:00,1.1484999999999996,1.1493099999999996,1.1476699999999997,1.1482599999999996,16326
2026-06-24T15:00:00+00:00,1.1482599999999996,1.1502799999999997,1.1480899999999996,1.1488899999999997,11972
2026-06-24T16:00:00+00:00,1.1488899999999997,1.1508699999999996,1.1487699999999996,1.1500399999999997,7994
2026-06-24T17:00:00+00:00,1.1500399999999997,1.1502099999999997,1.1489899999999997,1.1490499999999997,7844
2026-06-24T18:00:00+00:00,1.1490499999999997,1.1501699999999997,1.1490499999999997,1.1495899999999997,6759
2026-06-24T19:00:00+00:00,1.1495899999999997,1.1499499999999998,1.1491799999999996,1.1494199999999997,6162
2026-06-24T20:00:00+00:00,1.1494199999999997,1.1501299999999997,1.1493099999999996,1.1498499999999996,4488
2026-06-24T21:00:00+00:00,1.1498499999999996,1.1504099999999997,1.1494399999999998,1.15011,2254.3841816486656
2026-06-24T22:00:00+00:00,1.15011,1.1502999999999999,1.14987,1.1499,1150.5439945880466
2026-06-24T23:00:00+00:00,1.1499,1.1500299999999999,1.14966,1.14978,1466
2026-06-25T00:00:00+00:00,1.14978,1.1499,1.14915,1.14974,5070
2026-06-25T01:00:00+00:00,1.14974,1.1511099999999999,1.1493099999999992,1.1494099999999992,6874.2517249734565
2026-06-25T02:00:00+00:00,1.1494099999999992,1.1501599999999992,1.1492599999999993,1.1499599999999992,4766
2026-06-25T03:00:00+00:00,1.1499599999999992,1.1506999999999992,1.1498899999999992,1.1505999999999992,4558
2026-06-25T04:00:00+00:00,1.1505999999999992,1.1506799999999993,1.1502099999999993,1.1503199999999991,3166
2026-06-25T05:00:00+00:00,1.1503199999999991,1.1504199999999993,1.1495799999999992,1.1497199999999992,4296
2026-06-25T06:00:00+00:00,1.1497199999999992,1.1500999999999992,1.1488299999999991,1.1488799999999992,7333
2026-06-25T07:00:00+00:00,1.1488799999999992,1.1496499999999992,1.1480799999999993,1.1495399999999991,9385
2026-06-25T08:00:00+00:00,1.1495399999999991,1.1508399999999992,1.1494799999999992,1.1503699999999992,8160
2026-06-25T09:00:00+00:00,1.1503699999999992,1.1509999999999991,1.1497699999999993,1.1497899999999992,6252
2026-06-25T10:00:00+00:00,1.1497899999999992,1.1497999999999993,1.1478899999999992,1.1481799999999993,6286
2026-06-25T11:00:00+00:00,1.1481799999999993,1.1481899999999992,1.1469399999999992,1.1473599999999993,7354
2026-06-25T12:00:00+00:00,1.1473599999999993,1.1500599999999992,1.1472299999999993,1.1489499999999992,16332
2026-06-25T13:00:00+00:00,1.1489499999999992,1.1505799999999993,1.1485299999999992,1.1499599999999992,17713
2026-06-25T14:00:00+00:00,1.1499599999999992,1.1519499999999991,1.1498899999999992,1.1510899999999993,20295
2026-06-25T15:00:00+00:00,1.1510899999999993,1.1524099999999993,1.1509599999999993,1.1520299999999992,15600
2026-06-25T16:00:00+00:00,1.1520299999999992,1.1522499999999993,1.1509299999999991,1.1509999999999991,8514
2026-06-25T17:00:00+00:00,1.1509999999999991,1.1513699999999991,1.1507599999999991,1.1510299999999993,6283
2026-06-25T18:00:00+00:00,1.1510299999999993,1.1516599999999992,1.1505899999999991,1.1508999999999991,7401
2026-06-25T19:00:00+00:00,1.1508999999999991,1.1516399999999993,1.1504499999999993,1.1508699999999992,6294
2026-06-25T20:00:00+00:00,1.1508699999999992,1.1510499999999992,1.1505199999999993,1.1505499999999993,2427
2026-06-25T21:00:00+00:00,1.1505499999999993,1.1508699999999992,1.1500799999999993,1.1507399999999992,1461.4835285582903
2026-06-25T22:00:00+00:00,1.1507399999999992,1.1509199999999993,1.1502999999999992,1.1505899999999991,2008
2026-06-25T23:00:00+00:00,1.1505899999999991,1.1506699999999992,1.1496299999999993,1.1497399999999993,3358
2026-06-26T00:00:00+00:00,1.1497399999999993,1.1502999999999992,1.1496999999999993,1.1500899999999992,6724
2026-06-26T01:00:00+00:00,1.1500899999999992,1.1505099999999993,1.1492399999999992,1.1495699999999993,6942
2026-06-26T02:00:00+00:00,1.1495699999999993,1.1498899999999992,1.1490199999999993,1.1495199999999992,6293
2026-06-26T03:00:00+00:00,1.1495199999999992,1.1507599999999991,1.1494499999999992,1.1507499999999993,5608
2026-06-26T04:00:00+00:00,1.1507499999999993,1.1513199999999992,1.1504599999999991,1.1512999999999993,4700
2026-06-26T05:00:00+00:00,1.1512999999999993,1.1518199999999992,1.1511099999999992,1.1514199999999992,5224
2026-06-26T06:00:00+00:00,1.1514199999999992,1.1518399999999993,1.1507599999999991,1.1511299999999993,8026
2026-06-26T07:00:00+00:00,1.1511299999999993,1.1524699999999992,1.1509099999999992,1.1522599999999992,8472
2026-06-26T08:00:00+00:00,1.1522599999999992,1.1543599999999992,1.1519099999999993,1.1537299999999993,12324
2026-06-26T09:00:00+00:00,1.1537299999999993,1.1548099999999992,1.1531399999999992,1.1542899999999992,8747
2026-06-26T10:00:00+00:00,1.1542899999999992,1.1544299999999992,1.1536199999999992,1.1540799999999993,8379
2026-06-26T11:00:00+00:00,1.1540799999999993,1.1542399999999993,1.1529799999999992,1.1534299999999993,8612
2026-06-26T12:00:00+00:00,1.1534299999999993,1.1569999999999991,1.1533599999999993,1.1563199999999991,11618
2026-06-26T13:00:00+00:00,1.1563199999999991,1.1565799999999993,1.1547699999999992,1.1560899999999992,18523
2026-06-26T14:00:00+00:00,1.1560899999999992,1.1564699999999992,1.1529599999999993,1.1530099999999992,16256
2026-06-26T15:00:00+00:00,1.1530099999999992,1.1544099999999993,1.1528199999999993,1.1538899999999992,12464
2026-06-26T16:00:00+00:00,1.1538899999999992,1.1539399999999993,1.1518999999999993,1.1525899999999991,7946
2026-06-26T17:00:00+00:00,1.1525899999999991,1.1529199999999993,1.1520799999999993,1.1522499999999993,5175
2026-06-26T18:00:00+00:00,1.1522499999999993,1.1527299999999991,1.1521399999999993,1.1521899999999992,4135
2026-06-26T19:00:00+00:00,1.1521899999999992,1.1525299999999992,1.1516899999999992,1.1522899999999991,4181
2026-06-26T20:00:00+00:00,1.1522899999999991,1.1527999999999992,1.1516699999999993,1.1518399999999993,4556.290976558965
2026-06-28T21:00:00+00:00,1.1518399999999993,1.1518399999999993,1.1503299999999992,1.1503899999999994,758.3278719789404
2026-06-28T22:00:00+00:00,1.1503899999999994,1.1511099999999992,1.1503899999999994,1.1509699999999992,1443
2026-06-28T23:00:00+00:00,1.1509699999999992,1.1511299999999993,1.1506499999999993,1.1509499999999993,2110
2026-06-29T00:00:00+00:00,1.1509499999999993,1.1513499999999992,1.1507499999999993,1.1511799999999992,7992
2026-06-29T01:00:00+00:00,1.1511799999999992,1.1515199999999992,1.1508799999999992,1.1509399999999992,7575
2026-06-29T02:00:00+00:00,1.1509399999999992,1.1517799999999994,1.1508899999999993,1.1511799999999992,5705
2026-06-29T03:00:00+00:00,1.1511799999999992,1.1514299999999993,1.1507399999999992,1.1507399999999992,3475
2026-06-29T04:00:00+00:00,1.1507399999999992,1.1509499999999993,1.1505199999999993,1.1506999999999992,3616
2026-06-29T05:00:00+00:00,1.1506999999999992,1.1519399999999993,1.1506699999999992,1.1518699999999993,4947
2026-06-29T06:00:00+00:00,1.1518699999999993,1.1539299999999992,1.1516999999999993,1.1536599999999992,8114
2026-06-29T07:00:00+00:00,1.1536599999999992,1.1537399999999993,1.1524399999999992,1.1526699999999992,9171
2026-06-29T08:00:00+00:00,1.1526699999999992,1.1531699999999994,1.1516799999999994,1.1520199999999992,8057
2026-06-29T09:00:00+00:00,1.1520199999999992,1.1528299999999994,1.1518699999999993,1.1527599999999993,7530
2026-06-29T10:00:00+00:00,1.1527599999999993,1.1529899999999993,1.1523899999999994,1.1528799999999992,5981
2026-06-29T11:00:00+00:00,1.1528799999999992,1.1535899999999992,1.1523099999999993,1.1533199999999992,7900
2026-06-29T12:00:00+00:00,1.1533199999999992,1.1533299999999993,1.1524699999999992,1.1526899999999993,8642
2026-06-29T13:00:00+00:00,1.1526899999999993,1.1536399999999993,1.1524899999999993,1.1534299999999993,10925
2026-06-29T14:00:00+00:00,1.1534299999999993,1.1547599999999993,1.1528599999999993,1.1546199999999993,18662
2026-06-29T15:00:00+00:00,1.1546199999999993,1.1549299999999993,1.1540699999999993,1.1547999999999992,10497
2026-06-29T16:00:00+00:00,1.1547999999999992,1.1554799999999992,1.1547499999999993,1.1550099999999992,6046
2026-06-29T17:00:00+00:00,1.1550099999999992,1.1552399999999992,1.1545599999999994,1.1550999999999993,4767
2026-06-29T18:00:00+00:00,1.1550999999999993,1.1553299999999993,1.1549099999999992,1.1549799999999992,4420
2026-06-29T19:00:00+00:00,1.1549799999999992,1.1551199999999993,1.1546399999999992,1.1549899999999993,4264
2026-06-29T20:00:00+00:00,1.1549899999999993,1.1551699999999994,1.1546199999999993,1.1546599999999994,1895
2026-06-29T21:00:00+00:00,1.1546599999999994,1.1551399999999994,1.1543699999999992,1.1549499999999993,962.5042183622829
2026-06-29T22:00:00+00:00,1.1549499999999993,1.1551499999999995,1.1548299999999994,1.1550799999999994,1033.3606745879647
2026-06-29T23:00:00+00:00,1.1550799999999994,1.1550999999999993,1.1544799999999993,1.1544799999999993,1148
2026-06-30T00:00:00+00:00,1.1544799999999993,1.1546299999999994,1.1538099999999993,1.1542099999999993,6485
2026-06-30T01:00:00+00:00,1.1542099999999993,1.1543099999999993,1.1527699999999994,1.1529899999999993,7994
2026-06-30T02:00:00+00:00,1.1529899999999993,1.1532099999999994,1.1527299999999994,1.1529299999999993,4214
2026-06-30T03:00:00+00:00,1.1529299999999993,1.1530899999999993,1.1522799999999993,1.1524199999999993,4136
2026-06-30T04:00:00+00:00,1.1524199999999993,1.1524899999999993,1.1514499999999994,1.1514699999999993,3451
2026-06-30T05:00:00+00:00,1.1514699999999993,1.1518499999999994,1.1508399999999994,1.1510599999999993,5945
2026-06-30T06:00:00+00:00,1.1510599999999993,1.1529499999999993,1.1509199999999993,1.1528799999999995,9090
2026-06-30T07:00:00+00:00,1.1528799999999995,1.1535299999999993,1.1522799999999993,1.1524399999999995,8262
2026-06-30T08:00:00+00:00,1.1524399999999995,1.1525299999999994,1.1509199999999993,1.1519199999999994,11529
2026-06-30T09:00:00+00:00,1.1519199999999994,1.1524299999999994,1.1514899999999995,1.1522899999999994,8075
2026-06-30T10:00:00+00:00,1.1522899999999994,1.1527999999999994,1.1518299999999995,1.1527499999999993,6091
2026-06-30T11:00:00+00:00,1.1527499999999993,1.1528499999999993,1.1511999999999993,1.1518799999999993,8328
2026-06-30T12:00:00+00:00,1.1518799999999993,1.1528499999999993,1.1514399999999994,1.1521899999999994,10701
2026-06-30T13:00:00+00:00,1.1521899999999994,1.1532699999999994,1.1520099999999993,1.1522399999999993,10991
2026-06-30T14:00:00+00:00,1.1522399999999993,1.1560599999999994,1.1516799999999994,1.1558699999999993,23667
2026-06-30T15:00:00+00:00,1.1558699999999993,1.1562399999999993,1.1540799999999993,1.1542799999999993,13387
2026-06-30T16:00:00+00:00,1.1542799999999993,1.1543999999999994,1.1537999999999993,1.1539799999999993,6176
2026-06-30T17:00:00+00:00,1.1539799999999993,1.1547999999999994,1.1539799999999993,1.1547199999999993,4239
2026-06-30T18:00:00+00:00,1.1547199999999993,1.1552699999999994,1.1544899999999994,1.1546199999999993,4854
2026-06-30T19:00:00+00:00,1.1546199999999993,1.1552399999999994,1.1541199999999994,1.1552299999999993,5753
2026-06-30T20:00:00+00:00,1.1552299999999993,1.1553099999999994,1.1546199999999993,1.1547199999999993,2734
2026-06-30T21:00:00+00:00,1.1547199999999993,1.1548099999999994,1.1542199999999994,1.1546999999999994,1260.9748523944895
2026-06-30T22:00:00+00:00,1.1546999999999994,1.1548599999999993,1.1544299999999994,1.1545799999999993,903.3657230298393
2026-06-30T23:00:00+00:00,1.1545799999999993,1.1545999999999994,1.1538199999999994,1.1538799999999994,1479
2026-07-01T00:00:00+00:00,1.1538799999999994,1.1539799999999993,1.1534199999999994,1.1535199999999994,5006
2026-07-01T01:00:00+00:00,1.1535199999999994,1.1535299999999993,1.1528399999999994,1.1530099999999994,6119
2026-07-01T02:00:00+00:00,1.1530099999999994,1.1533799999999994,1.1528499999999993,1.1531199999999993,5174
2026-07-01T03:00:00+00:00,1.1531199999999993,1.1533999999999993,1.1527599999999993,1.1529799999999994,3597
2026-07-01T04:00:00+00:00,1.1529799999999994,1.1536599999999995,1.1528399999999994,1.1534399999999994,3725
2026-07-01T05:00:00+00:00,1.1534399999999994,1.1536299999999993,1.1528599999999993,1.1531399999999994,4616
2026-07-01T06:00:00+00:00,1.1531399999999994,1.1535299999999993,1.1526099999999995,1.1528799999999995,7389
2026-07-01T07:00:00+00:00,1.1528799999999995,1.1529999999999994,1.1518799999999993,1.1527699999999994,8415
2026-07-01T08:00:00+00:00,1.1527699999999994,1.1529599999999993,1.1519899999999994,1.1522299999999994,7613
2026-07-01T09:00:00+00:00,1.1522299999999994,1.1525399999999995,1.1510899999999993,1.1513599999999993,7791
2026-07-01T10:00:00+00:00,1.1513599999999993,1.1526199999999993,1.1511899999999993,1.1523799999999993,5317
2026-07-01T11:00:00+00:00,1.1523799999999993,1.1524699999999994,1.1510599999999993,1.1511299999999993,7939
2026-07-01T12:00:00+00:00,1.1511299999999993,1.1513699999999993,1.1494699999999993,1.1496799999999994,12253
2026-07-01T13:00:00+00:00,1.1496799999999994,1.1537399999999993,1.1487499999999993,1.1520899999999994,30784
2026-07-01T14:00:00+00:00,1.1520899999999994,1.1531199999999993,1.1510499999999995,1.1521099999999993,22469
2026-07-01T15:00:00+00:00,1.1521099999999993,1.1521899999999994,1.1504599999999994,1.1509499999999993,15451
2026-07-01T16:00:00+00:00,1.1509499999999993,1.1519699999999993,1.1505599999999994,1.1508099999999994,10935
2026-07-01T17:00:00+00:00,1.1508099999999994,1.1511699999999994,1.1504699999999994,1.1506699999999994,6904
2026-07-01T18:00:00+00:00,1.1506699999999994,1.1508699999999994,1.1500999999999995,1.1505599999999994,5884
2026-07-01T19:00:00+00:00,1.1505599999999994,1.1507399999999994,1.1503299999999994,1.1504599999999994,4874
2026-07-01T20:00:00+00:00,1.1504599999999994,1.1505199999999993,1.1499599999999994,1.1502899999999994,2959
2026-07-01T21:00:00+00:00,1.1502899999999994,1.1504999999999994,1.1497899999999994,1.1504099999999993,655.3473487527312
2026-07-01T22:00:00+00:00,1.1504099999999993,1.1505199999999995,1.1502799999999995,1.1504199999999993,724.2624336752467
2026-07-01T23:00:00+00:00,1.1504199999999993,1.1504299999999994,1.1502299999999992,1.1502699999999992,1129.2552550558146
2026-07-02T00:00:00+00:00,1.1502699999999992,1.1508499999999993,1.1500099999999993,1.1501799999999993,5156
2026-07-02T01:00:00+00:00,1.1501799999999993,1.1510999999999993,1.1501499999999993,1.1506999999999992,4924
2026-07-02T02:00:00+00:00,1.1506999999999992,1.1513699999999993,1.1506299999999992,1.1507299999999991,4195
2026-07-02T03:00:00+00:00,1.1507299999999991,1.1508699999999992,1.1503299999999992,1.1507599999999993,3612
2026-07-02T04:00:00+00:00,1.1507599999999993,1.1513499999999992,1.1507499999999993,1.1511999999999993,4088
2026-07-02T05:00:00+00:00,1.1511999999999993,1.1513899999999992,1.1506799999999993,1.1510999999999993,4738
2026-07-02T06:00:00+00:00,1.1510999999999993,1.1529599999999993,1.1510699999999991,1.1519899999999992,12053
2026-07-02T07:00:00+00:00,1.1519899999999992,1.1534599999999993,1.1515799999999992,1.1533099999999992,12167
2026-07-02T08:00:00+00:00,1.1533099999999992,1.1546199999999993,1.1532199999999992,1.1545399999999992,14973
2026-07-02T09:00:00+00:00,1.1545399999999992,1.1546299999999992,1.1534299999999993,1.1534999999999993,9493
2026-07-02T10:00:00+00:00,1.1534999999999993,1.1536499999999992,1.1528299999999994,1.1535599999999993,7400
2026-07-02T11:00:00+00:00,1.1535599999999993,1.1539999999999992,1.1525699999999992,1.1529099999999992,7441
2026-07-02T12:00:00+00:00,1.1529099999999992,1.1598099999999993,1.1520599999999992,1.1576799999999992,38664
2026-07-02T13:00:00+00:00,1.1576799999999992,1.1580499999999994,1.1563699999999992,1.1575799999999992,27144
2026-07-02T14:00:00+00:00,1.1575799999999992,1.1583599999999992,1.1558799999999994,1.1569199999999993,21216
2026-07-02T15:00:00+00:00,1.1569199999999993,1.1574999999999993,1.1564999999999992,1.1572699999999994,14290
2026-07-02T16:00:00+00:00,1.1572699999999994,1.1573399999999991,1.1560599999999992,1.1562999999999992,10299
2026-07-02T17:00:00+00:00,1.1562999999999992,1.1562999999999992,1.1554099999999992,1.1555799999999992,7522
2026-07-02T18:00:00+00:00,1.1555799999999992,1.1562199999999994,1.1554699999999993,1.1558299999999992,6372
2026-07-02T19:00:00+00:00,1.1558299999999992,1.1559299999999992,1.1551399999999992,1.1556099999999994,4751
2026-07-02T20:00:00+00:00,1.1556099999999994,1.1560799999999993,1.1554699999999993,1.1556899999999992,2115
2026-07-02T21:00:00+00:00,1.1556899999999992,1.1559599999999992,1.1553399999999991,1.1558599999999992,1313.40409743507
2026-07-02T22:00:00+00:00,1.1558599999999992,1.1560699999999993,1.1552999999999993,1.1554199999999992,1472
2026-07-02T23:00:00+00:00,1.1554199999999992,1.1555699999999993,1.1547099999999992,1.1547699999999992,2361
2026-07-03T00:00:00+00:00,1.1547699999999992,1.1556099999999994,1.1545899999999993,1.1555799999999992,6430
2026-07-03T01:00:00+00:00,1.1555799999999992,1.1569799999999992,1.1555299999999993,1.1562299999999992,8958
2026-07-03T02:00:00+00:00,1.1562299999999992,1.1569899999999993,1.1561199999999991,1.1565199999999993,4640
2026-07-03T03:00:00+00:00,1.1565199999999993,1.1566699999999992,1.1562099999999993,1.1566299999999992,3615
2026-07-03T04:00:00+00:00,1.1566299999999992,1.1571299999999993,1.1564399999999992,1.1571299999999993,2491
2026-07-03T05:00:00+00:00,1.1571299999999993,1.1580099999999993,1.1570699999999992,1.1573999999999993,5462
2026-07-03T06:00:00+00:00,1.1573999999999993,1.1587599999999993,1.1573499999999992,1.1579399999999993,9994
2026-07-03T07:00:00+00:00,1.1579399999999993,1.1583199999999994,1.1572699999999994,1.1579699999999993,7588
2026-07-03T08:00:00+00:00,1.1579699999999993,1.1582899999999992,1.1575699999999993,1.1577999999999993,6586
2026-07-03T09:00:00+00:00,1.1577999999999993,1.1577999999999993,1.1565599999999991,1.1566099999999992,5645
2026-07-03T10:00:00+00:00,1.1566099999999992,1.1575399999999993,1.1565699999999992,1.1571899999999993,4351
2026-07-03T11:00:00+00:00,1.1571899999999993,1.1582399999999993,1.1571299999999993,1.1575599999999993,6001
2026-07-03T12:00:00+00:00,1.1575599999999993,1.1577999999999993,1.1571599999999993,1.1572199999999992,5939
2026-07-03T13:00:00+00:00,1.1572199999999992,1.1573199999999992,1.1563199999999993,1.1565599999999991,6187
2026-07-03T14:00:00+00:00,1.1565599999999991,1.1573099999999992,1.1563999999999992,1.1566799999999993,5892
2026-07-03T15:00:00+00:00,1.1566799999999993,1.1569699999999992,1.1559999999999993,1.1562199999999994,4321
2026-07-03T16:00:00+00:00,1.1562199999999994,1.1564799999999993,1.1560599999999992,1.1562799999999993,2240
2026-07-03T17:00:00+00:00,1.1562799999999993,1.1567399999999992,1.1562799999999993,1.1565599999999991,6662
2026-07-03T18:00:00+00:00,1.1565599999999991,1.1566599999999994,1.1562999999999992,1.1564099999999993,2919
2026-07-03T19:00:00+00:00,1.1564099999999993,1.1565599999999991,1.1560499999999994,1.1561599999999992,2468.4063402889246
2026-07-03T20:00:00+00:00,1.1561599999999992,1.1562499999999991,1.1557699999999993,1.1558199999999992,1986.2667228100129
2026-07-05T21:00:00+00:00,1.1558199999999992,1.1558199999999992,1.154689999999999,1.1548899999999993,549.9584987493606
2026-07-05T22:00:00+00:00,1.1548899999999993,1.1552599999999993,1.1547999999999994,1.1551399999999994,2085
2026-07-05T23:00:00+00:00,1.1551399999999994,1.1552999999999993,1.1547799999999993,1.1551599999999993,2450
2026-07-06T00:00:00+00:00,1.1551599999999993,1.1555899999999992,1.1547599999999993,1.1552999999999993,7316
2026-07-06T01:00:00+00:00,1.1552999999999993,1.1553599999999993,1.1543199999999993,1.1543499999999993,6092
2026-07-06T02:00:00+00:00,1.1543499999999993,1.1549999999999994,1.1542499999999993,1.1548599999999993,5109
2026-07-06T03:00:00+00:00,1.1548599999999993,1.1550599999999993,1.1542899999999994,1.1546599999999994,4275
2026-07-06T04:00:00+00:00,1.1546599999999994,1.1548999999999994,1.1546399999999992,1.1547599999999993,3461
2026-07-06T05:00:00+00:00,1.1547599999999993,1.1547999999999994,1.1537699999999993,1.1538399999999993,4483
2026-07-06T06:00:00+00:00,1.1538399999999993,1.1543699999999992,1.1534699999999993,1.1537899999999994,8151
2026-07-06T07:00:00+00:00,1.1537899999999994,1.1543099999999993,1.1531499999999992,1.1541399999999993,10333
2026-07-06T08:00:00+00:00,1.1541399999999993,1.1541899999999994,1.1529999999999994,1.1535399999999993,7096
2026-07-06T09:00:00+00:00,1.1535399999999993,1.1536199999999994,1.1525999999999994,1.1528099999999992,6168
2026-07-06T10:00:00+00:00,1.1528099999999992,1.1536099999999994,1.1524499999999993,1.1534399999999994,5971
2026-07-06T11:00:00+00:00,1.1534399999999994,1.1535099999999994,1.1526699999999994,1.1529999999999994,6125
2026-07-06T12:00:00+00:00,1.1529999999999994,1.1534699999999993,1.1525499999999993,1.1528099999999992,7841
2026-07-06T13:00:00+00:00,1.1528099999999992,1.1537499999999994,1.1523199999999993,1.1527299999999994,10089
2026-07-06T14:00:00+00:00,1.1527299999999994,1.1534899999999992,1.1525399999999992,1.1531999999999993,9835
2026-07-06T15:00:00+00:00,1.1531999999999993,1.1541099999999993,1.1530199999999993,1.1540099999999993,7400
2026-07-06T16:00:00+00:00,1.1540099999999993,1.1546899999999993,1.1539799999999993,1.1545499999999993,5342
2026-07-06T17:00:00+00:00,1.1545499999999993,1.1554299999999993,1.1544999999999994,1.1550999999999993,4111
2026-07-06T18:00:00+00:00,1.1550999999999993,1.1559799999999993,1.1549999999999994,1.1557799999999994,3408
2026-07-06T19:00:00+00:00,1.1557799999999994,1.1557799999999994,1.1552799999999994,1.1555899999999992,4175
2026-07-06T20:00:00+00:00,1.1555899999999992,1.1556799999999994,1.1554499999999994,1.1556199999999994,2045
2026-07-06T21:00:00+00:00,1.1556199999999994,1.1561599999999994,1.1552299999999993,1.1559599999999994,1776
2026-07-06T22:00:00+00:00,1.1559599999999994,1.1560199999999994,1.1557199999999994,1.1559999999999993,1044
2026-07-06T23:00:00+00:00,1.1559999999999993,1.1562899999999994,1.1556099999999994,1.1556299999999993,1719
2026-07-07T00:00:00+00:00,1.1556299999999993,1.1557199999999994,1.1552799999999994,1.1553399999999994,5456
2026-07-07T01:00:00+00:00,1.1553399999999994,1.1562199999999994,1.1551999999999993,1.1558699999999993,6764
2026-07-07T02:00:00+00:00,1.1558699999999993,1.1560899999999994,1.1554299999999993,1.1554299999999993,3991
2026-07-07T03:00:00+00:00,1.1554299999999993,1.1557699999999993,1.1550999999999993,1.1551599999999993,3709
2026-07-07T04:00:00+00:00,1.1551599999999993,1.1554099999999994,1.1550299999999993,1.1550299999999993,3245
2026-07-07T05:00:00+00:00,1.1550299999999993,1.1552199999999992,1.1543099999999993,1.1546599999999994,6036
2026-07-07T06:00:00+00:00,1.1546599999999994,1.1547099999999992,1.1540199999999994,1.1544799999999993,6206
2026-07-07T07:00:00+00:00,1.1544799999999993,1.1546899999999993,1.1539699999999993,1.1539999999999992,7363
2026-07-07T08:00:00+00:00,1.1539999999999992,1.1550599999999993,1.1539799999999993,1.1542799999999993,8054
2026-07-07T09:00:00+00:00,1.1542799999999993,1.1544999999999994,1.1539499999999994,1.1539899999999994,5886
2026-07-07T10:00:00+00:00,1.1539899999999994,1.1549099999999992,1.1538299999999992,1.1548599999999993,4982
2026-07-07T11:00:00+00:00,1.1548599999999993,1.1553999999999993,1.1540199999999994,1.1547299999999994,7489
2026-07-07T12:00:00+00:00,1.1547299999999994,1.1556999999999993,1.1545799999999993,1.1551399999999994,7898
2026-07-07T13:00:00+00:00,1.1551399999999994,1.1556699999999993,1.1545299999999994,1.1551099999999994,11106
2026-07-07T14:00:00+00:00,1.1551099999999994,1.1552699999999994,1.1538499999999994,1.1547899999999993,13135
2026-07-07T15:00:00+00:00,1.1547899999999993,1.1549699999999994,1.1536999999999993,1.1537699999999993,8779
2026-07-07T16:00:00+00:00,1.1537699999999993,1.1540599999999994,1.1532899999999993,1.1538299999999992,6094
2026-07-07T17:00:00+00:00,1.1538299999999992,1.1544199999999993,1.1537099999999993,1.1542999999999992,4337
2026-07-07T18:00:00+00:00,1.1542999999999992,1.1544699999999992,1.1532199999999992,1.1533399999999994,7145
2026-07-07T19:00:00+00:00,1.1533399999999994,1.1534299999999993,1.1522899999999994,1.1531399999999994,9577
2026-07-07T20:00:00+00:00,1.1531399999999994,1.1532099999999994,1.1525199999999993,1.1527099999999992,2340
2026-07-07T21:00:00+00:00,1.1527099999999992,1.1527999999999994,1.1516499999999994,1.1520299999999992,2218.660584165085
2026-07-07T22:00:00+00:00,1.1520299999999992,1.1523799999999993,1.1518099999999993,1.1521899999999994,1222.7256788207912
2026-07-07T23:00:00+00:00,1.1521899999999994,1.1523299999999994,1.1515199999999994,1.1516499999999994,1627
2026-07-08T00:00:00+00:00,1.1516499999999994,1.1526499999999995,1.1515199999999994,1.1523099999999995,7314
2026-07-08T01:00:00+00:00,1.1523099999999995,1.1524499999999995,1.1513399999999994,1.1520499999999994,6529
2026-07-08T02:00:00+00:00,1.1520499999999994,1.1527599999999996,1.1519599999999994,1.1526299999999994,5196
2026-07-08T03:00:00+00:00,1.1526299999999994,1.1531599999999995,1.1526299999999994,1.1529499999999995,3813
2026-07-08T04:00:00+00:00,1.1529499999999995,1.1530899999999995,1.1525999999999994,1.1529399999999994,3752
2026-07-08T05:00:00+00:00,1.1529399999999994,1.1535699999999995,1.1527499999999995,1.1534599999999995,5893
2026-07-08T06:00:00+00:00,1.1534599999999995,1.1539099999999995,1.1532299999999995,1.1537499999999994,9694
2026-07-08T07:00:00+00:00,1.1537499999999994,1.1546599999999994,1.1531899999999995,1.1540699999999995,10221
2026-07-08T08:00:00+00:00,1.1540699999999995,1.1542599999999994,1.1515499999999994,1.1525299999999994,21483
2026-07-08T09:00:00+00:00,1.1525299999999994,1.1526599999999994,1.1511199999999995,1.1519399999999995,17427
2026-07-08T10:00:00+00:00,1.1519399999999995,1.1529699999999994,1.1516099999999994,1.1523499999999995,9539
2026-07-08T11:00:00+00:00,1.1523499999999995,1.1524699999999994,1.1507999999999994,1.1513299999999995,11190
2026-07-08T12:00:00+00:00,1.1513299999999995,1.1522099999999995,1.1510699999999994,1.1511199999999995,11549
2026-07-08T13:00:00+00:00,1.1511199999999995,1.1528899999999995,1.1510899999999995,1.1524899999999993,15729
2026-07-08T14:00:00+00:00,1.1524899999999993,1.1528299999999994,1.1518299999999995,1.1522399999999995,14063
2026-07-08T15:00:00+00:00,1.1522399999999995,1.1526899999999995,1.1506199999999995,1.1510099999999994,12534
2026-07-08T16:00:00+00:00,1.1510099999999994,1.1529799999999994,1.1509799999999994,1.1529199999999995,10856
2026-07-08T17:00:00+00:00,1.1529199999999995,1.1542099999999995,1.1529199999999995,1.1533499999999994,8006
2026-07-08T18:00:00+00:00,1.1533499999999994,1.1543999999999994,1.1531399999999994,1.1540399999999995,7157
2026-07-08T19:00:00+00:00,1.1540399999999995,1.1545399999999995,1.1537699999999995,1.1542599999999994,5796
2026-07-08T20:00:00+00:00,1.1542599999999994,1.1542899999999994,1.1530099999999994,1.1531099999999994,3061
2026-07-08T21:00:00+00:00,1.1531099999999994,1.1533799999999994,1.1529199999999995,1.153199999999999,799.2947542195155
2026-07-08T22:00:00+00:00,1.153199999999999,1.153409999999999,1.153099999999999,1.153389999999999,927.0231738633995
2026-07-08T23:00:00+00:00,1.153389999999999,1.1537399999999989,1.153239999999999,1.1536399999999989,1146.06796875
2026-07-09T00:00:00+00:00,1.1536399999999989,1.154529999999999,1.1536299999999988,1.1540799999999989,5446
2026-07-09T01:00:00+00:00,1.1540799999999989,1.1542399999999988,1.153509999999999,1.1540799999999989,4908
2026-07-09T02:00:00+00:00,1.1540799999999989,1.1543399999999988,1.1538299999999988,1.1539599999999988,4467
2026-07-09T03:00:00+00:00,1.1539599999999988,1.1545399999999988,1.1537999999999988,1.1541999999999988,4298
2026-07-09T04:00:00+00:00,1.1541999999999988,1.1542499999999989,1.1538299999999988,1.1541799999999989,3061
2026-07-09T05:00:00+00:00,1.1541799999999989,1.1549099999999988,1.154149999999999,1.154589999999999,5597
2026-07-09T06:00:00+00:00,1.154589999999999,1.156459999999999,1.154589999999999,1.155709999999999,9749
2026-07-09T07:00:00+00:00,1.155709999999999,1.1557399999999989,1.154769999999999,1.155069999999999,7879
2026-07-09T08:00:00+00:00,1.155069999999999,1.1553299999999989,1.1540699999999988,1.1541699999999988,7504
2026-07-09T09:00:00+00:00,1.1541699999999988,1.154659999999999,1.1538899999999988,1.154589999999999,6684
2026-07-09T10:00:00+00:00,1.154589999999999,1.1546799999999988,1.153609999999999,1.1538399999999989,6868
2026-07-09T11:00:00+00:00,1.1538399999999989,1.1545099999999988,1.153709999999999,1.154459999999999,6768
2026-07-09T12:00:00+00:00,1.154459999999999,1.1551099999999987,1.1537899999999988,1.1539999999999988,8539
2026-07-09T13:00:00+00:00,1.1539999999999988,1.155439999999999,1.1539099999999989,1.1554299999999988,10068
2026-07-09T14:00:00+00:00,1.1554299999999988,1.156119999999999,1.1546399999999988,1.1548099999999988,12120
2026-07-09T15:00:00+00:00,1.1548099999999988,1.1555599999999988,1.154429999999999,1.1553899999999988,8481
2026-07-09T16:00:00+00:00,1.1553899999999988,1.155649999999999,1.1550199999999988,1.155199999999999,4900
2026-07-09T17:00:00+00:00,1.155199999999999,1.155579999999999,1.154929999999999,1.155269999999999,4268
2026-07-09T18:00:00+00:00,1.155269999999999,1.1553199999999988,1.154659999999999,1.154869999999999,3941
2026-07-09T19:00:00+00:00,1.154869999999999,1.1549499999999988,1.1540699999999988,1.1542799999999989,3470
2026-07-09T20:00:00+00:00,1.1542799999999989,1.154559999999999,1.1542399999999988,1.1545099999999988,1863
2026-07-09T21:00:00+00:00,1.1545099999999988,1.154629999999999,1.154289999999999,1.1542999999999988,2164.10261289975
2026-07-09T22:00:00+00:00,1.1542999999999988,1.1548799999999988,1.1542999999999988,1.1548599999999989,695
2026-07-09T23:00:00+00:00,1.1548599999999989,1.1549199999999988,1.1546699999999988,1.1548199999999988,939
2026-07-10T00:00:00+00:00,1.1548199999999988,1.1557299999999988,1.154559999999999,1.1555299999999988,5346
2026-07-10T01:00:00+00:00,1.1555299999999988,1.156489999999999,1.1553199999999988,1.1562299999999988,8318
2026-07-10T02:00:00+00:00,1.1562299999999988,1.1575999999999989,1.1562099999999988,1.157339999999999,9304
2026-07-10T03:00:00+00:00,1.157339999999999,1.1574499999999988,1.1562399999999988,1.1564499999999989,4318
2026-07-10T04:00:00+00:00,1.1564499999999989,1.1564499999999989,1.1554699999999989,1.155779999999999,3753
2026-07-10T05:00:00+00:00,1.155779999999999,1.1559599999999988,1.155069999999999,1.1554599999999988,4456
2026-07-10T06:00:00+00:00,1.1554599999999988,1.156259999999999,1.1554199999999988,1.1557199999999987,8127
2026-07-10T07:00:00+00:00,1.1557199999999987,1.155749999999999,1.155169999999999,1.155239999999999,8165
2026-07-10T08:00:00+00:00,1.155239999999999,1.1557399999999989,1.1545499999999989,1.154559999999999,9129
2026-07-10T09:00:00+00:00,1.154559999999999,1.1549399999999987,1.1541799999999989,1.1542399999999988,5926
2026-07-10T10:00:00+00:00,1.1542399999999988,1.1550499999999988,1.1541799999999989,1.1548499999999988,6161
2026-07-10T11:00:00+00:00,1.1548499999999988,1.155039999999999,1.1541699999999988,1.1546099999999988,6681
2026-07-10T12:00:00+00:00,1.1546099999999988,1.1556899999999988,1.1538399999999989,1.154429999999999,10821
2026-07-10T13:00:00+00:00,1.154429999999999,1.154459999999999,1.1534699999999989,1.1535899999999988,9316
2026-07-10T14:00:00+00:00,1.1535899999999988,1.154359999999999,1.1526899999999989,1.1537599999999988,14727
2026-07-10T15:00:00+00:00,1.1537599999999988,1.1554199999999988,1.153649999999999,1.1552799999999988,10544
2026-07-10T16:00:00+00:00,1.1552799999999988,1.155639999999999,1.1544699999999988,1.1544799999999988,8004
2026-07-10T17:00:00+00:00,1.1544799999999988,1.1546399999999988,1.1531799999999988,1.1532799999999988,5335
2026-07-10T18:00:00+00:00,1.1532799999999988,1.1533299999999989,1.1526899999999989,1.1531599999999989,5659
2026-07-10T19:00:00+00:00,1.1531599999999989,1.153239999999999,1.152899999999999,1.1530899999999988,3877
2026-07-10T20:00:00+00:00,1.1530899999999988,1.153339999999999,1.152659999999999,1.1529799999999988,2709.587559022788
2026-07-12T21:00:00+00:00,1.1529799999999988,1.1534999999999984,1.1529799999999988,1.1532399999999985,429.22260849602446
2026-07-12T22:00:00+00:00,1.1532399999999985,1.1532799999999985,1.1518199999999985,1.1524499999999984,4225
2026-07-12T23:00:00+00:00,1.1524499999999984,1.1533999999999984,1.1522799999999984,1.1533999999999984,3465
2026-07-13T00:00:00+00:00,1.1533999999999984,1.1535199999999985,1.1524399999999986,1.1525199999999984,8731
2026-07-13T01:00:00+00:00,1.1525199999999984,1.1527399999999985,1.1514099999999985,1.1527199999999984,9288
2026-07-13T02:00:00+00:00,1.1527199999999984,1.1529599999999984,1.1523299999999985,1.1523999999999985,5686
2026-07-13T03:00:00+00:00,1.1523999999999985,1.1528799999999986,1.1520499999999985,1.1528799999999986,4455
2026-07-13T04:00:00+00:00,1.1528799999999986,1.1534899999999986,1.1526699999999985,1.1533599999999984,3379
2026-07-13T05:00:00+00:00,1.1533599999999984,1.1538999999999986,1.1526599999999985,1.1528299999999985,8256
2026-07-13T06:00:00+00:00,1.1528299999999985,1.1537399999999984,1.1525599999999985,1.1530699999999985,9910
2026-07-13T07:00:00+00:00,1.1530699999999985,1.1555999999999984,1.1530699999999985,1.1554599999999986,12402
2026-07-13T08:00:00+00:00,1.1554599999999986,1.1575699999999984,1.1553999999999984,1.1565799999999984,14765
2026-07-13T09:00:00+00:00,1.1565799999999984,1.1567199999999984,1.1557199999999985,1.1561299999999985,8324
2026-07-13T10:00:00+00:00,1.1561299999999985,1.1565399999999986,1.1555799999999985,1.1565399999999986,7431
2026-07-13T11:00:00+00:00,1.1565399999999986,1.1567099999999986,1.1554999999999984,1.1557299999999986,7961
2026-07-13T12:00:00+00:00,1.1557299999999986,1.1560699999999986,1.1550399999999985,1.1560599999999985,10459
2026-07-13T13:00:00+00:00,1.1560599999999985,1.1563099999999984,1.1544099999999984,1.1544299999999985,12592
2026-07-13T14:00:00+00:00,1.1544299999999985,1.1545899999999985,1.1527999999999985,1.1535999999999984,18590
2026-07-13T15:00:00+00:00,1.1535999999999984,1.1536399999999984,1.1526299999999985,1.1531399999999985,9861
2026-07-13T16:00:00+00:00,1.1531399999999985,1.1532499999999986,1.1512499999999986,1.1518599999999986,13350
2026-07-13T17:00:00+00:00,1.1518599999999986,1.1520599999999985,1.1515199999999985,1.1516099999999985,6538
2026-07-13T18:00:00+00:00,1.1516099999999985,1.1518699999999984,1.1514599999999986,1.1517299999999986,5821
2026-07-13T19:00:00+00:00,1.1517299999999986,1.1517699999999984,1.1511499999999986,1.1513399999999985,5289
2026-07-13T20:00:00+00:00,1.1513399999999985,1.1514199999999986,1.1507399999999985,1.1511399999999985,2245
2026-07-13T21:00:00+00:00,1.1511399999999985,1.1516899999999983,1.1510399999999983,1.1512499999999983,1876.053207216817
2026-07-13T22:00:00+00:00,1.1512499999999983,1.1517899999999983,1.1512399999999983,1.1512399999999983,1587
2026-07-13T23:00:00+00:00,1.1512399999999983,1.1515499999999983,1.1511699999999983,1.1514999999999984,2890
2026-07-14T00:00:00+00:00,1.1514999999999984,1.1520999999999983,1.1509799999999983,1.1516399999999984,11400
2026-07-14T01:00:00+00:00,1.1516399999999984,1.1522099999999984,1.1516099999999982,1.1520399999999984,7832
2026-07-14T02:00:00+00:00,1.1520399999999984,1.1525899999999984,1.1520399999999984,1.1522299999999983,5669
2026-07-14T03:00:00+00:00,1.1522299999999983,1.1528299999999982,1.1519899999999983,1.1525199999999984,5793
2026-07-14T04:00:00+00:00,1.1525199999999984,1.1526199999999984,1.1519099999999984,1.1522199999999982,5000
2026-07-14T05:00:00+00:00,1.1522199999999982,1.1527499999999984,1.1522099999999984,1.1523399999999984,5372
2026-07-14T06:00:00+00:00,1.1523399999999984,1.1525399999999983,1.1516199999999983,1.1517799999999982,8404
2026-07-14T07:00:00+00:00,1.1517799999999982,1.1529199999999984,1.1515799999999983,1.1527499999999984,9719
2026-07-14T08:00:00+00:00,1.1527499999999984,1.1537599999999983,1.1524799999999984,1.1531099999999983,9706
2026-07-14T09:00:00+00:00,1.1531099999999983,1.1535299999999984,1.1526499999999984,1.1532599999999984,8028
2026-07-14T10:00:00+00:00,1.1532599999999984,1.1533299999999984,1.1522599999999983,1.1523499999999984,7615
2026-07-14T11:00:00+00:00,1.1523499999999984,1.1540999999999983,1.1521499999999982,1.1538199999999983,8772
2026-07-14T12:00:00+00:00,1.1538199999999983,1.1593899999999984,1.1535599999999984,1.1577599999999983,30846
2026-07-14T13:00:00+00:00,1.1577599999999983,1.1586699999999983,1.1573199999999984,1.1583099999999984,25592
2026-07-14T14:00:00+00:00,1.1583099999999984,1.1590599999999984,1.1571799999999983,1.1576799999999983,19896
2026-07-14T15:00:00+00:00,1.1576799999999983,1.1585299999999983,1.1557399999999984,1.1558699999999984,16872
2026-07-14T16:00:00+00:00,1.1558699999999984,1.1565999999999983,1.1555799999999983,1.1563599999999983,7955
2026-07-14T17:00:00+00:00,1.1563599999999983,1.1564899999999982,1.1550899999999984,1.1554999999999984,6989
2026-07-14T18:00:00+00:00,1.1554999999999984,1.1557999999999984,1.1547799999999984,1.1554999999999984,6137
2026-07-14T19:00:00+00:00,1.1554999999999984,1.1557699999999984,1.1551999999999982,1.1551999999999982,6147
2026-07-14T20:00:00+00:00,1.1551999999999982,1.1554099999999983,1.1549999999999983,1.1551499999999983,2605
2026-07-14T21:00:00+00:00,1.1551499999999983,1.1553599999999984,1.1548399999999983,1.1549699999999983,2225
2026-07-14T22:00:00+00:00,1.1549699999999983,1.1554499999999983,1.1548999999999983,1.1552199999999984,1799
2026-07-14T23:00:00+00:00,1.1552199999999984,1.1556499999999983,1.1551599999999984,1.1555999999999984,1713
2026-07-15T00:00:00+00:00,1.1555999999999984,1.1565799999999984,1.1555499999999983,1.1564699999999983,5389
2026-07-15T01:00:00+00:00,1.1564699999999983,1.1568999999999983,1.1564099999999984,1.1567099999999984,6575
2026-07-15T02:00:00+00:00,1.1567099999999984,1.1573799999999983,1.1564899999999982,1.1571899999999984,5056
2026-07-15T03:00:00+00:00,1.1571899999999984,1.1573899999999984,1.1564999999999983,1.1569599999999984,4435
2026-07-15T04:00:00+00:00,1.1569599999999984,1.1572399999999983,1.1568099999999983,1.1568499999999984,3283
2026-07-15T05:00:00+00:00,1.1568499999999984,1.1574899999999984,1.1566899999999984,1.1571999999999982,5273
2026-07-15T06:00:00+00:00,1.1571999999999982,1.1575399999999982,1.1559599999999983,1.1560299999999983,8390
2026-07-15T07:00:00+00:00,1.1560299999999983,1.1563599999999983,1.1551499999999983,1.1554999999999984,9839
2026-07-15T08:00:00+00:00,1.1554999999999984,1.1559099999999984,1.1552599999999984,1.1555899999999983,7528
2026-07-15T09:00:00+00:00,1.1555899999999983,1.1557599999999983,1.1548199999999984,1.1548599999999984,7796
2026-07-15T10:00:00+00:00,1.1548599999999984,1.1549899999999984,1.1542299999999983,1.1547499999999984,7294
2026-07-15T11:00:00+00:00,1.1547499999999984,1.1550999999999982,1.1541699999999984,1.1543399999999984,8526
2026-07-15T12:00:00+00:00,1.1543399999999984,1.1561799999999984,1.1537499999999983,1.1560099999999984,13065
2026-07-15T13:00:00+00:00,1.1560099999999984,1.1567099999999984,1.1555299999999984,1.1561699999999984,13628
2026-07-15T14:00:00+00:00,1.1561699999999984,1.1573099999999983,1.1561699999999984,1.1568599999999984,16222
2026-07-15T15:00:00+00:00,1.1568599999999984,1.1573199999999984,1.1563399999999984,1.1566899999999984,11894
2026-07-15T16:00:00+00:00,1.1566899999999984,1.1573899999999984,1.1561899999999983,1.1573799999999983,10138
2026-07-15T17:00:00+00:00,1.1573799999999983,1.1606399999999983,1.1573599999999984,1.1604899999999982,11346
2026-07-15T18:00:00+00:00,1.1604899999999982,1.1614199999999983,1.1597599999999983,1.1598299999999984,8003
2026-07-15T19:00:00+00:00,1.1598299999999984,1.1606399999999983,1.1593099999999983,1.1595599999999984,8824
2026-07-15T20:00:00+00:00,1.1595599999999984,1.1596199999999983,1.1591499999999983,1.1591799999999983,2283
2026-07-15T21:00:00+00:00,1.1591799999999983,1.1597399999999984,1.1591399999999983,1.1593899999999984,1562.7243443970233
2026-07-15T22:00:00+00:00,1.1593899999999984,1.1600299999999983,1.1593899999999984,1.1599399999999984,1324.1089622028508
2026-07-15T23:00:00+00:00,1.1599399999999984,1.1602999999999986,1.1598899999999983,1.1601999999999986,1734.0397751229796
2026-07-16T00:00:00+00:00,1.1601999999999986,1.1606799999999986,1.1599499999999985,1.1606099999999986,6523
2026-07-16T01:00:00+00:00,1.1606099999999986,1.1606299999999985,1.1597299999999986,1.1598099999999985,6554
2026-07-16T02:00:00+00:00,1.1598099999999985,1.1598199999999985,1.1592499999999986,1.1596899999999986,4564
2026-07-16T03:00:00+00:00,1.1596899999999986,1.1601099999999984,1.1595599999999986,1.1598899999999985,3559
2026-07-16T04:00:00+00:00,1.1598899999999985,1.1599299999999986,1.1595299999999986,1.1598499999999985,3311
2026-07-16T05:00:00+00:00,1.1598499999999985,1.1601099999999984,1.1594499999999985,1.1595599999999986,5463
2026-07-16T06:00:00+00:00,1.1595599999999986,1.1603199999999985,1.1595499999999985,1.1600599999999985,7469
2026-07-16T07:00:00+00:00,1.1600599999999985,1.1608499999999986,1.1598899999999985,1.1601499999999985,8046
2026-07-16T08:00:00+00:00,1.1601499999999985,1.1604099999999986,1.1594699999999984,1.1598099999999985,8870
2026-07-16T09:00:00+00:00,1.1598099999999985,1.1600399999999986,1.1592799999999985,1.1598499999999985,6684
2026-07-16T10:00:00+00:00,1.1598499999999985,1.1600599999999985,1.1591499999999986,1.1591999999999985,6304
2026-07-16T11:00:00+00:00,1.1591999999999985,1.1601099999999984,1.1589099999999986,1.1600799999999984,8979
2026-07-16T12:00:00+00:00,1.1600799999999984,1.1602999999999986,1.1579199999999985,1.1579699999999986,12039
2026-07-16T13:00:00+00:00,1.1579699999999986,1.1591299999999984,1.1576799999999985,1.1581899999999985,12820
2026-07-16T14:00:00+00:00,1.1581899999999985,1.1586099999999986,1.1572299999999984,1.1575199999999986,12583
2026-07-16T15:00:00+00:00,1.1575199999999986,1.1581799999999984,1.1568699999999985,1.1579199999999985,9155
2026-07-16T16:00:00+00:00,1.1579199999999985,1.1579399999999984,1.1566299999999985,1.1566999999999985,6970
2026-07-16T17:00:00+00:00,1.1566999999999985,1.1570599999999984,1.1563399999999986,1.1568699999999985,5374
2026-07-16T18:00:00+00:00,1.1568699999999985,1.1571399999999985,1.1567299999999985,1.1570699999999985,4897
2026-07-16T19:00:00+00:00,1.1570699999999985,1.1573899999999986,1.1566599999999985,1.1572699999999985,4948
2026-07-16T20:00:00+00:00,1.1572699999999985,1.1576499999999985,1.1570899999999986,1.1573999999999984,2479
2026-07-16T21:00:00+00:00,1.1573999999999984,1.1575299999999984,1.1570899999999986,1.1575099999999985,506.83283375772936
2026-07-16T22:00:00+00:00,1.1575099999999985,1.1578099999999985,1.1574999999999984,1.1576599999999984,889.7322314049586
2026-07-16T23:00:00+00:00,1.1576599999999984,1.1579699999999984,1.1575899999999983,1.1578399999999982,1412.4355400696863
2026-07-17T00:00:00+00:00,1.1578399999999982,1.1580099999999982,1.1574399999999982,1.1580099999999982,5619
2026-07-17T01:00:00+00:00,1.1580099999999982,1.1581299999999983,1.1570599999999982,1.1572399999999983,5181
2026-07-17T02:00:00+00:00,1.1572399999999983,1.1574599999999984,1.1569899999999982,1.1570199999999984,4283
2026-07-17T03:00:00+00:00,1.1570199999999984,1.1573299999999982,1.1569099999999983,1.1572499999999983,3502
2026-07-17T04:00:00+00:00,1.1572499999999983,1.1572599999999982,1.1567899999999982,1.1569299999999982,2921
2026-07-17T05:00:00+00:00,1.1569299999999982,1.1576799999999983,1.1568899999999982,1.1572899999999984,4926
2026-07-17T06:00:00+00:00,1.1572899999999984,1.1585299999999983,1.1572899999999984,1.1582999999999983,7969
2026-07-17T07:00:00+00:00,1.1582999999999983,1.1585399999999983,1.1577499999999983,1.1577999999999984,6725
2026-07-17T08:00:00+00:00,1.1577999999999984,1.1581099999999982,1.1568999999999983,1.1574399999999982,9069
2026-07-17T09:00:00+00:00,1.1574399999999982,1.1575599999999984,1.1569599999999982,1.1573599999999984,7361
2026-07-17T10:00:00+00:00,1.1573599999999984,1.1573599999999984,1.1559299999999983,1.1559999999999984,7543
2026-07-17T11:00:00+00:00,1.1559999999999984,1.1569299999999982,1.1557799999999983,1.1563299999999983,7302
2026-07-17T12:00:00+00:00,1.1563299999999983,1.1568599999999982,1.1558299999999984,1.1562299999999983,7403
2026-07-17T13:00:00+00:00,1.1562299999999983,1.1569899999999982,1.1557699999999982,1.1568999999999983,12920
2026-07-17T14:00:00+00:00,1.1568999999999983,1.1577399999999982,1.1566199999999982,1.1572999999999982,11095
2026-07-17T15:00:00+00:00,1.1572999999999982,1.1577699999999982,1.1570499999999984,1.1573199999999984,9020
2026-07-17T16:00:00+00:00,1.1573199999999984,1.1574799999999983,1.1567499999999984,1.1571499999999983,6949
2026-07-17T17:00:00+00:00,1.1571499999999983,1.1571999999999982,1.1566499999999982,1.1567499999999984,4732
2026-07-17T18:00:00+00:00,1.1567499999999984,1.1570599999999982,1.1566899999999982,1.1568599999999982,4360
2026-07-17T19:00:00+00:00,1.1568599999999982,1.1574599999999984,1.1566999999999983,1.1574199999999983,3742
2026-07-17T20:00:00+00:00,1.1574199999999983,1.1575599999999984,1.1569499999999984,1.1571099999999985,2484.898221949724
2026-07-19T21:00:00+00:00,1.1571099999999985,1.1571099999999985,1.1566499999999982,1.1567699999999983,291.64644998585
2026-07-19T22:00:00+00:00,1.1567699999999983,1.1573099999999983,1.1566499999999984,1.1568199999999984,3152
2026-07-19T23:00:00+00:00,1.1568199999999984,1.1569199999999984,1.1565399999999983,1.1569099999999983,2412
2026-07-20T00:00:00+00:00,1.1569099999999983,1.1575199999999983,1.1568099999999983,1.1575099999999983,5271
2026-07-20T01:00:00+00:00,1.1575099999999983,1.1578099999999982,1.1573199999999984,1.1577699999999984,6550
2026-07-20T02:00:00+00:00,1.1577699999999984,1.1584599999999983,1.1576399999999982,1.1582599999999983,4910
2026-07-20T03:00:00+00:00,1.1582599999999983,1.1584299999999983,1.1581399999999984,1.1583599999999983,3247
2026-07-20T04:00:00+00:00,1.1583599999999983,1.1586799999999984,1.1582999999999983,1.1586099999999984,3000
2026-07-20T05:00:00+00:00,1.1586099999999984,1.1586599999999982,1.1581799999999982,1.1581899999999983,3906
2026-07-20T06:00:00+00:00,1.1581899999999983,1.1583999999999983,1.1575799999999983,1.1576799999999983,7126
2026-07-20T07:00:00+00:00,1.1576799999999983,1.1591299999999982,1.1575999999999984,1.1585899999999982,10008
2026-07-20T08:00:00+00:00,1.1585899999999982,1.1587099999999984,1.1579199999999983,1.1580699999999984,6579
2026-07-20T09:00:00+00:00,1.1580699999999984,1.1581399999999984,1.1569099999999983,1.1571699999999983,5939
2026-07-20T10:00:00+00:00,1.1571699999999983,1.1577699999999984,1.1570099999999983,1.1572799999999983,5383
2026-07-20T11:00:00+00:00,1.1572799999999983,1.1582099999999984,1.1569799999999983,1.1571199999999984,9753
2026-07-20T12:00:00+00:00,1.1571199999999984,1.1571799999999983,1.1558699999999984,1.1565399999999983,10131
2026-07-20T13:00:00+00:00,1.1565399999999983,1.1566299999999983,1.1556199999999983,1.1556899999999983,8639
2026-07-20T14:00:00+00:00,1.1556899999999983,1.1559399999999984,1.1544199999999982,1.1548299999999982,9983
2026-07-20T15:00:00+00:00,1.1548299999999982,1.1554099999999983,1.1546499999999984,1.1553099999999983,8713
2026-07-20T16:00:00+00:00,1.1553099999999983,1.1558899999999983,1.1549299999999982,1.1553299999999984,6721
2026-07-20T17:00:00+00:00,1.1553299999999984,1.1557099999999982,1.1552899999999984,1.1555699999999982,4644
2026-07-20T18:00:00+00:00,1.1555699999999982,1.1560599999999983,1.1554999999999982,1.1556999999999984,4464
2026-07-20T19:00:00+00:00,1.1556999999999984,1.1559899999999983,1.1555199999999983,1.1557499999999983,4514
2026-07-20T20:00:00+00:00,1.1557499999999983,1.1558699999999984,1.1554399999999982,1.1555499999999983,1698
2026-07-20T21:00:00+00:00,1.1555499999999983,1.1556899999999983,1.1550999999999982,1.1551599999999982,909.7889170420971
2026-07-20T22:00:00+00:00,1.1551599999999982,1.155549999999998,1.1551599999999982,1.1554899999999981,1595
2026-07-20T23:00:00+00:00,1.1554899999999981,1.155789999999998,1.1554299999999982,1.1557799999999983,1238
2026-07-21T00:00:00+00:00,1.1557799999999983,1.156019999999998,1.1553299999999982,1.155509999999998,4386
2026-07-21T01:00:00+00:00,1.155509999999998,1.155849999999998,1.1553999999999982,1.1556399999999982,4629
2026-07-21T02:00:00+00:00,1.1556399999999982,1.1557999999999982,1.1552299999999982,1.1552899999999982,3446
2026-07-21T03:00:00+00:00,1.1552899999999982,1.155719999999998,1.155079999999998,1.1554299999999982,3084
2026-07-21T04:00:00+00:00,1.1554299999999982,1.155989999999998,1.155409999999998,1.1559799999999982,2522
2026-07-21T05:00:00+00:00,1.1559799999999982,1.156359999999998,1.1557699999999982,1.1559499999999983,3537
2026-07-21T06:00:00+00:00,1.1559499999999983,1.1565399999999981,1.1559099999999982,1.1563099999999982,6160
2026-07-21T07:00:00+00:00,1.1563099999999982,1.156939999999998,1.1562399999999982,1.156459999999998,6935
2026-07-21T08:00:00+00:00,1.156459999999998,1.156799999999998,1.1560099999999982,1.156289999999998,5602
2026-07-21T09:00:00+00:00,1.156289999999998,1.157039999999998,1.1561999999999981,1.156429999999998,4696
2026-07-21T10:00:00+00:00,1.156429999999998,1.157039999999998,1.1561799999999982,1.1561999999999981,5914
2026-07-21T11:00:00+00:00,1.1561999999999981,1.1564799999999982,1.1558399999999982,1.1560999999999981,5809
2026-07-21T12:00:00+00:00,1.1560999999999981,1.156229999999998,1.1555299999999982,1.1558999999999982,7382
2026-07-21T13:00:00+00:00,1.1558999999999982,1.155959999999998,1.1547299999999983,1.1553199999999981,9711
2026-07-21T14:00:00+00:00,1.1553199999999981,1.1561499999999982,1.1544399999999981,1.154769999999998,10832
2026-07-21T15:00:00+00:00,1.154769999999998,1.1553299999999982,1.154459999999998,1.1549199999999982,8175
2026-07-21T16:00:00+00:00,1.1549199999999982,1.1552699999999982,1.154869999999998,1.1549899999999982,3794
2026-07-21T17:00:00+00:00,1.1549899999999982,1.155239999999998,1.1548199999999982,1.1548599999999982,2885
2026-07-21T18:00:00+00:00,1.1548599999999982,1.154869999999998,1.1540399999999982,1.1544799999999982,4506
2026-07-21T19:00:00+00:00,1.1544799999999982,1.1545899999999982,1.154229999999998,1.1543499999999982,3462
2026-07-21T20:00:00+00:00,1.1543499999999982,1.1544899999999982,1.1538999999999981,1.154019999999998,1858
2026-07-21T21:00:00+00:00,1.154019999999998,1.154259999999998,1.1537399999999982,1.154149999999998,456.3845772425974
2026-07-21T22:00:00+00:00,1.154149999999998,1.154259999999998,1.1540699999999982,1.1541399999999982,1001.6270137776987
2026-07-21T23:00:00+00:00,1.1541399999999982,1.1544399999999981,1.154019999999998,1.154419999999998,1225
2026-07-22T00:00:00+00:00,1.154419999999998,1.154919999999998,1.154299999999998,1.154599999999998,6205
2026-07-22T01:00:00+00:00,1.154599999999998,1.154869999999998,1.154079999999998,1.154489999999998,4458
2026-07-22T02:00:00+00:00,1.154489999999998,1.155199999999998,1.154309999999998,1.1547799999999981,4164
2026-07-22T03:00:00+00:00,1.1547799999999981,1.154999999999998,1.154629999999998,1.154929999999998,3418
2026-07-22T04:00:00+00:00,1.154929999999998,1.1550499999999981,1.154689999999998,1.155039999999998,2223
2026-07-22T05:00:00+00:00,1.155039999999998,1.155169999999998,1.154759999999998,1.1551499999999981,4396
2026-07-22T06:00:00+00:00,1.1551499999999981,1.155579999999998,1.154929999999998,1.155399999999998,7258
2026-07-22T07:00:00+00:00,1.155399999999998,1.1560299999999981,1.154549999999998,1.155129999999998,8805
2026-07-22T08:00:00+00:00,1.155129999999998,1.155449999999998,1.1546099999999981,1.155199999999998,7453
2026-07-22T09:00:00+00:00,1.155199999999998,1.155529999999998,1.154629999999998,1.1546799999999982,6738
2026-07-22T10:00:00+00:00,1.1546799999999982,1.154959999999998,1.1542399999999982,1.1545799999999982,6504
2026-07-22T11:00:00+00:00,1.1545799999999982,1.154939999999998,1.1544399999999981,1.154889999999998,7260
2026-07-22T12:00:00+00:00,1.154889999999998,1.155569999999998,1.154599999999998,1.154989999999998,8006
2026-07-22T13:00:00+00:00,1.154989999999998,1.156359999999998,1.154939999999998,1.1555599999999981,9396
2026-07-22T14:00:00+00:00,1.1555599999999981,1.156049999999998,1.154989999999998,1.155129999999998,10139
2026-07-22T15:00:00+00:00,1.155129999999998,1.1555899999999981,1.1549499999999981,1.155569999999998,7424
2026-07-22T16:00:00+00:00,1.155569999999998,1.155609999999998,1.154829999999998,1.1551199999999981,5970
2026-07-22T17:00:00+00:00,1.1551199999999981,1.155469999999998,1.155009999999998,1.155209999999998,3785
2026-07-22T18:00:00+00:00,1.155209999999998,1.1553199999999981,1.155009999999998,1.155299999999998,3450
2026-07-22T19:00:00+00:00,1.155299999999998,1.155429999999998,1.155129999999998,1.155329999999998,2961
2026-07-22T20:00:00+00:00,1.155329999999998,1.155469999999998,1.155259999999998,1.155299999999998,2088
2026-07-22T21:00:00+00:00,1.155299999999998,1.155299999999998,1.154739999999998,1.154939999999998,909.2567471775808
2026-07-22T22:00:00+00:00,1.154939999999998,1.155109999999998,1.154799999999998,1.154999999999998,1425
2026-07-22T23:00:00+00:00,1.154999999999998,1.1553599999999982,1.154999999999998,1.155349999999998,1422.9497784342689
2026-07-23T00:00:00+00:00,1.155349999999998,1.155959999999998,1.1552499999999981,1.155919999999998,4543
2026-07-23T01:00:00+00:00,1.155919999999998,1.156229999999998,1.155809999999998,1.155839999999998,6312
2026-07-23T02:00:00+00:00,1.155839999999998,1.1570199999999982,1.155819999999998,1.1569499999999981,4123
2026-07-23T03:00:00+00:00,1.1569499999999981,1.157259999999998,1.1565399999999981,1.1571199999999982,4648
2026-07-23T04:00:00+00:00,1.1571199999999982,1.157779999999998,1.157039999999998,1.1574599999999982,5132
2026-07-23T05:00:00+00:00,1.1574599999999982,1.157699999999998,1.157079999999998,1.157179999999998,3930
2026-07-23T06:00:00+00:00,1.157179999999998,1.157509999999998,1.1565799999999982,1.156739999999998,5942
2026-07-23T07:00:00+00:00,1.156739999999998,1.156959999999998,1.1561699999999981,1.156649999999998,8469
2026-07-23T08:00:00+00:00,1.156649999999998,1.156719999999998,1.154899999999998,1.155259999999998,8586
2026-07-23T09:00:00+00:00,1.155259999999998,1.155719999999998,1.155169999999998,1.155509999999998,6665
2026-07-23T10:00:00+00:00,1.155509999999998,1.155529999999998,1.154519999999998,1.154649999999998,7316
2026-07-23T11:00:00+00:00,1.154649999999998,1.154869999999998,1.152549999999998,1.1536599999999981,11351
2026-07-23T12:00:00+00:00,1.1536599999999981,1.153719999999998,1.151769999999998,1.152699999999998,11907
2026-07-23T13:00:00+00:00,1.152699999999998,1.152819999999998,1.151009999999998,1.151449999999998,16943
2026-07-23T14:00:00+00:00,1.151449999999998,1.151809999999998,1.150589999999998,1.1513599999999982,15645
2026-07-23T15:00:00+00:00,1.1513599999999982,1.1517999999999982,1.150789999999998,1.151479999999998,13297
2026-07-23T16:00:00+00:00,1.151479999999998,1.152229999999998,1.1514599999999982,1.152209999999998,7896
2026-07-23T17:00:00+00:00,1.152209999999998,1.152289999999998,1.151339999999998,1.151349999999998,6716
2026-07-23T18:00:00+00:00,1.151349999999998,1.151839999999998,1.1513199999999981,1.151819999999998,4269
2026-07-23T19:00:00+00:00,1.151819999999998,1.1521999999999981,1.1515899999999981,1.151949999999998,4444
2026-07-23T20:00:00+00:00,1.151949999999998,1.152189999999998,1.151539999999998,1.151549999999998,1964
2026-07-23T21:00:00+00:00,1.151549999999998,1.1521399999999982,1.151339999999998,1.1515899999999981,635.2449939133846
2026-07-23T22:00:00+00:00,1.1515899999999981,1.152189999999998,1.1515899999999981,1.1521499999999982,1095
2026-07-23T23:00:00+00:00,1.1521499999999982,1.1521999999999981,1.151789999999998,1.151859999999998,1893
2026-07-24T00:00:00+00:00,1.151859999999998,1.1526199999999982,1.1517399999999982,1.1526199999999982,6017
2026-07-24T01:00:00+00:00,1.1526199999999982,1.1529199999999982,1.152389999999998,1.1526099999999981,5599
2026-07-24T02:00:00+00:00,1.1526099999999981,1.152969999999998,1.152299999999998,1.152299999999998,4192
2026-07-24T03:00:00+00:00,1.152299999999998,1.152459999999998,1.151989999999998,1.1524399999999981,3578
2026-07-24T04:00:00+00:00,1.1524399999999981,1.152599999999998,1.151879999999998,1.152129999999998,2949
2026-07-24T05:00:00+00:00,1.152129999999998,1.1525499999999982,1.151849999999998,1.151989999999998,3844
2026-07-24T06:00:00+00:00,1.151989999999998,1.152909999999998,1.1519399999999982,1.152899999999998,6672
2026-07-24T07:00:00+00:00,1.152899999999998,1.154329999999998,1.1528499999999982,1.1531899999999982,8377
2026-07-24T08:00:00+00:00,1.1531899999999982,1.1532599999999982,1.1523399999999981,1.152559999999998,7870
2026-07-24T09:00:00+00:00,1.152559999999998,1.1531299999999982,1.1524499999999982,1.1531299999999982,6380
2026-07-24T10:00:00+00:00,1.1531299999999982,1.153509999999998,1.152299999999998,1.1525099999999981,5820
2026-07-24T11:00:00+00:00,1.1525099999999981,1.1530299999999982,1.1513299999999982,1.151679999999998,7145
2026-07-24T12:00:00+00:00,1.151679999999998,1.1520399999999982,1.1509499999999981,1.151209999999998,8467
2026-07-24T13:00:00+00:00,1.151209999999998,1.151879999999998,1.1507099999999981,1.1518699999999982,10158
2026-07-24T14:00:00+00:00,1.1518699999999982,1.152299999999998,1.151249999999998,1.1520299999999981,11559
2026-07-24T15:00:00+00:00,1.1520299999999981,1.1532899999999981,1.151919999999998,1.152669999999998,12914
2026-07-24T16:00:00+00:00,1.152669999999998,1.1528599999999982,1.1519799999999982,1.1519799999999982,4833
2026-07-24T17:00:00+00:00,1.1519799999999982,1.1519999999999981,1.150969999999998,1.1511599999999982,4875
2026-07-24T18:00:00+00:00,1.1511599999999982,1.1513299999999982,1.1509499999999981,1.1511999999999982,3230
2026-07-24T19:00:00+00:00,1.1511999999999982,1.151439999999998,1.1510299999999982,1.151209999999998,3551
2026-07-24T20:00:00+00:00,1.151209999999998,1.1512999999999982,1.1509499999999981,1.151129999999998,1904.2144082332761
2026-07-26T21:00:00+00:00,1.151129999999998,1.151769999999998,1.150909999999998,1.150999999999998,1070.2510652394712
2026-07-26T22:00:00+00:00,1.150999999999998,1.152239999999998,1.1509799999999981,1.151159999999998,3615
2026-07-26T23:00:00+00:00,1.151159999999998,1.151739999999998,1.151059999999998,1.151679999999998,2371.3168232280104
2026-07-27T00:00:00+00:00,1.151679999999998,1.1535199999999979,1.151679999999998,1.152379999999998,9096
2026-07-27T01:00:00+00:00,1.152379999999998,1.153649999999998,1.152379999999998,1.153649999999998,6555
2026-07-27T02:00:00+00:00,1.153649999999998,1.153659999999998,1.152779999999998,1.152779999999998,4794
2026-07-27T03:00:00+00:00,1.152779999999998,1.1529399999999979,1.152359999999998,1.152589999999998,3297
2026-07-27T04:00:00+00:00,1.152589999999998,1.1527399999999979,1.152429999999998,1.152589999999998,2313
2026-07-27T05:00:00+00:00,1.152589999999998,1.152979999999998,1.1524699999999979,1.1528399999999979,3516
2026-07-27T06:00:00+00:00,1.1528399999999979,1.154049999999998,1.152779999999998,1.153039999999998,7757
2026-07-27T07:00:00+00:00,1.153039999999998,1.153209999999998,1.151829999999998,1.151839999999998,9471
2026-07-27T08:00:00+00:00,1.151839999999998,1.152549999999998,1.151699999999998,1.152439999999998,7771
2026-07-27T09:00:00+00:00,1.152439999999998,1.152549999999998,1.1516899999999979,1.151869999999998,6006
2026-07-27T10:00:00+00:00,1.151869999999998,1.152369999999998,1.151579999999998,1.151759999999998,6815
2026-07-27T11:00:00+00:00,1.151759999999998,1.151829999999998,1.1507399999999979,1.150879999999998,6720
2026-07-27T12:00:00+00:00,1.150879999999998,1.151259999999998,1.1498599999999979,1.150559999999998,7939
2026-07-27T13:00:00+00:00,1.150559999999998,1.150879999999998,1.149469999999998,1.149639999999998,11117
2026-07-27T14:00:00+00:00,1.149639999999998,1.149909999999998,1.149099999999998,1.1494499999999979,9258
2026-07-27T15:00:00+00:00,1.1494499999999979,1.150039999999998,1.149059999999998,1.149729999999998,7423
2026-07-27T16:00:00+00:00,1.149729999999998,1.1507399999999979,1.149579999999998,1.150179999999998,6702
2026-07-27T17:00:00+00:00,1.150179999999998,1.150189999999998,1.149099999999998,1.1494499999999979,5341
2026-07-27T18:00:00+00:00,1.1494499999999979,1.149599999999998,1.148969999999998,1.149059999999998,5218
2026-07-27T19:00:00+00:00,1.149059999999998,1.149549999999998,1.148959999999998,1.149209999999998,3798
2026-07-27T20:00:00+00:00,1.149209999999998,1.1494499999999979,1.148919999999998,1.148919999999998,1530
2026-07-27T21:00:00+00:00,1.148919999999998,1.1493499999999979,1.148649999999998,1.149119999999998,5661.872351566741
2026-07-27T22:00:00+00:00,1.149119999999998,1.149329999999998,1.148879999999998,1.1491399999999978,1255.6307223978456
2026-07-27T23:00:00+00:00,1.1491399999999978,1.1492599999999977,1.1489899999999977,1.1491399999999978,1405
2026-07-28T00:00:00+00:00,1.1491399999999978,1.1496699999999977,1.1488899999999977,1.1496499999999978,4142
2026-07-28T01:00:00+00:00,1.1496499999999978,1.1499599999999977,1.1492799999999976,1.1495299999999977,4228
2026-07-28T02:00:00+00:00,1.1495299999999977,1.1500899999999978,1.1493499999999977,1.1499299999999977,3252
2026-07-28T03:00:00+00:00,1.1499299999999977,1.1502299999999976,1.1496099999999978,1.1496799999999978,4035
2026-07-28T04:00:00+00:00,1.1496799999999978,1.1496799999999978,1.1490299999999978,1.1490899999999977,2994
2026-07-28T05:00:00+00:00,1.1490899999999977,1.1491099999999976,1.1483899999999978,1.1488099999999977,4110
2026-07-28T06:00:00+00:00,1.1488099999999977,1.1495199999999977,1.1487199999999977,1.1490799999999977,6033
2026-07-28T07:00:00+00:00,1.1490799999999977,1.1495699999999978,1.1485499999999977,1.1486999999999978,6647
2026-07-28T08:00:00+00:00,1.1486999999999978,1.1494799999999978,1.1486899999999978,1.1494699999999978,6487
2026-07-28T09:00:00+00:00,1.1494699999999978,1.1495299999999977,1.1478099999999978,1.1478599999999977,4564
2026-07-28T10:00:00+00:00,1.1478599999999977,1.1485299999999978,1.1475499999999978,1.1482999999999977,5441
2026-07-28T11:00:00+00:00,1.1482999999999977,1.1489999999999978,1.1478999999999977,1.1487399999999977,6240
2026-07-28T12:00:00+00:00,1.1487399999999977,1.1490699999999978,1.1483099999999977,1.1488099999999977,5872
2026-07-28T13:00:00+00:00,1.1488099999999977,1.1496199999999976,1.1488099999999977,1.1494499999999976,8014
2026-07-28T14:00:00+00:00,1.1494499999999976,1.1508599999999978,1.1493599999999977,1.1507999999999978,9102
2026-07-28T15:00:00+00:00,1.1507999999999978,1.1524299999999978,1.1506199999999978,1.1522599999999978,12202
2026-07-28T16:00:00+00:00,1.1522599999999978,1.1527499999999977,1.1517999999999977,1.1517999999999977,6278
2026-07-28T17:00:00+00:00,1.1517999999999977,1.1520099999999978,1.1510499999999977,1.1511399999999978,5271
2026-07-28T18:00:00+00:00,1.1511399999999978,1.1513799999999978,1.1508399999999976,1.1508999999999978,3381
2026-07-28T19:00:00+00:00,1.1508999999999978,1.1514199999999977,1.1508499999999977,1.1509499999999977,3201
2026-07-28T20:00:00+00:00,1.1509499999999977,1.1511299999999978,1.1507599999999978,1.1508399999999976,1955
2026-07-28T21:00:00+00:00,1.1508399999999976,1.1514399999999978,1.1507599999999978,1.1511699999999978,659.1961538461538
2026-07-28T22:00:00+00:00,1.1511699999999978,1.1513399999999978,1.1506399999999977,1.1507599999999978,2208
2026-07-28T23:00:00+00:00,1.1507599999999978,1.1508599999999978,1.1504499999999978,1.1508199999999977,2283
2026-07-29T00:00:00+00:00,1.1508199999999977,1.1513699999999978,1.1504999999999976,1.1513199999999977,5151
2026-07-29T01:00:00+00:00,1.1513199999999977,1.1514699999999978,1.1507599999999978,1.1513699999999978,6300
2026-07-29T02:00:00+00:00,1.1513699999999978,1.1518099999999978,1.1512599999999977,1.1516899999999977,3735
2026-07-29T03:00:00+00:00,1.1516899999999977,1.1522999999999977,1.1516599999999977,1.1519199999999978,3158
2026-07-29T04:00:00+00:00,1.1519199999999978,1.1525899999999978,1.1518599999999977,1.1523299999999976,3913
2026-07-29T05:00:00+00:00,1.1523299999999976,1.1525099999999977,1.1519899999999978,1.1520599999999976,3646
2026-07-29T06:00:00+00:00,1.1520599999999976,1.1523099999999977,1.1512099999999978,1.1514199999999977,5510
2026-07-29T07:00:00+00:00,1.1514199999999977,1.1523299999999976,1.1512499999999977,1.1519999999999977,6039
2026-07-29T08:00:00+00:00,1.1519999999999977,1.1522699999999977,1.1515499999999979,1.1518699999999977,5640
2026-07-29T09:00:00+00:00,1.1518699999999977,1.1519099999999978,1.1514099999999978,1.1514399999999978,5008
2026-07-29T10:00:00+00:00,1.1514399999999978,1.1515399999999978,1.1505799999999977,1.1507899999999978,5538
2026-07-29T11:00:00+00:00,1.1507899999999978,1.1510999999999978,1.1502799999999977,1.1504699999999977,5232
2026-07-29T12:00:00+00:00,1.1504699999999977,1.1505499999999977,1.1497199999999976,1.1500899999999976,7742
2026-07-29T13:00:00+00:00,1.1500899999999976,1.1514899999999977,1.1499099999999978,1.1514299999999977,7812
2026-07-29T14:00:00+00:00,1.1514299999999977,1.1519599999999977,1.1503299999999976,1.1503299999999976,10363
2026-07-29T15:00:00+00:00,1.1503299999999976,1.1507999999999978,1.1500399999999977,1.1505399999999977,7740
2026-07-29T16:00:00+00:00,1.1505399999999977,1.1508399999999976,1.1499199999999976,1.1507699999999976,4781
2026-07-29T17:00:00+00:00,1.1507699999999976,1.1522299999999976,1.1507099999999977,1.1517999999999977,5640
2026-07-29T18:00:00+00:00,1.1517999999999977,1.1574699999999978,1.1512699999999978,1.1574399999999978,31170
2026-07-29T19:00:00+00:00,1.1574399999999978,1.1589099999999977,1.1562499999999978,1.1570499999999977,25026
2026-07-29T20:00:00+00:00,1.1570499999999977,1.1593599999999977,1.1569399999999976,1.1585499999999977,6368
2026-07-29T21:00:00+00:00,1.1585499999999977,1.1586699999999976,1.1573599999999977,1.1582299999999977,3145.2943389349175
2026-07-29T22:00:00+00:00,1.1582299999999977,1.1593699999999978,1.1582299999999977,1.159359999999998,2948.340796697948
2026-07-29T23:00:00+00:00,1.159359999999998,1.159729999999998,1.1586699999999979,1.1589299999999978,3119
2026-07-30T00:00:00+00:00,1.1589299999999978,1.159049999999998,1.157829999999998,1.158029999999998,7426
2026-07-30T01:00:00+00:00,1.158029999999998,1.1583499999999978,1.1574799999999978,1.157559999999998,4615
2026-07-30T02:00:00+00:00,1.157559999999998,1.157769999999998,1.1573799999999979,1.1575099999999978,3024
2026-07-30T03:00:00+00:00,1.1575099999999978,1.157659999999998,1.157019999999998,1.157219999999998,3182
2026-07-30T04:00:00+00:00,1.157219999999998,1.157629999999998,1.157149999999998,1.157329999999998,2455
2026-07-30T05:00:00+00:00,1.157329999999998,1.1579199999999978,1.1571299999999978,1.1572399999999978,4319
2026-07-30T06:00:00+00:00,1.1572399999999978,1.1573799999999979,1.1565599999999978,1.156919999999998,6562
2026-07-30T07:00:00+00:00,1.156919999999998,1.1573499999999979,1.155669999999998,1.1559899999999979,8848
2026-07-30T08:00:00+00:00,1.1559899999999979,1.1577099999999978,1.155939999999998,1.1569699999999978,8322
2026-07-30T09:00:00+00:00,1.1569699999999978,1.1589099999999977,1.1569699999999978,1.1586299999999978,7413
2026-07-30T10:00:00+00:00,1.1586299999999978,1.1605599999999978,1.1582899999999978,1.1594399999999978,13055
2026-07-30T11:00:00+00:00,1.1594399999999978,1.1599499999999978,1.1586499999999977,1.1597299999999977,6973
2026-07-30T12:00:00+00:00,1.1597299999999977,1.1604899999999978,1.1590799999999977,1.1593999999999978,13209
2026-07-30T13:00:00+00:00,1.1593999999999978,1.1645399999999977,1.1591099999999976,1.1645299999999976,24723
2026-07-30T14:00:00+00:00,1.1645299999999976,1.1658399999999978,1.1624099999999977,1.1624499999999978,32577
2026-07-30T15:00:00+00:00,1.1624499999999978,1.1646399999999977,1.1620199999999978,1.1642599999999976,12312
2026-07-30T16:00:00+00:00,1.1642599999999976,1.1651999999999978,1.1642599999999976,1.1649999999999978,8961
2026-07-30T17:00:00+00:00,1.1649999999999978,1.1652299999999978,1.1635299999999977,1.1651099999999976,11135
2026-07-30T18:00:00+00:00,1.1651099999999976,1.1656999999999977,1.1648999999999978,1.1656899999999977,7589
2026-07-30T19:00:00+00:00,1.1656899999999977,1.1657199999999976,1.1649699999999976,1.1652699999999978,5314
2026-07-30T20:00:00+00:00,1.1652699999999978,1.1654199999999977,1.1646899999999978,1.1648499999999977,2343
2026-07-30T21:00:00+00:00,1.1648499999999977,1.1648499999999977,1.1643399999999977,1.1646499999999977,415.32533026908175
2026-07-30T22:00:00+00:00,1.1646499999999977,1.1652599999999977,1.1646499999999977,1.1649999999999978,2685
2026-07-30T23:00:00+00:00,1.1649999999999978,1.1652399999999978,1.1643799999999978,1.1644499999999978,3458
2026-07-31T00:00:00+00:00,1.1644499999999978,1.1647999999999978,1.1636699999999978,1.1639499999999978,8204
2026-07-31T01:00:00+00:00,1.1639499999999978,1.1642799999999978,1.1631499999999977,1.1631599999999978,6907
2026-07-31T02:00:00+00:00,1.1631599999999978,1.1637799999999978,1.1631599999999978,1.1633399999999978,4785
2026-07-31T03:00:00+00:00,1.1633399999999978,1.1635099999999978,1.1627799999999977,1.1634799999999976,5207
2026-07-31T04:00:00+00:00,1.1634799999999976,1.1635599999999977,1.1625899999999978,1.1629699999999978,3758
2026-07-31T05:00:00+00:00,1.1629699999999978,1.1631199999999977,1.1626299999999978,1.1627799999999977,4926
2026-07-31T06:00:00+00:00,1.1627799999999977,1.1643699999999977,1.1626899999999978,1.1638499999999978,10223
2026-07-31T07:00:00+00:00,1.1638499999999978,1.1646399999999977,1.1632999999999978,1.1635899999999977,9110
2026-07-31T08:00:00+00:00,1.1635899999999977,1.1647699999999976,1.1625899999999978,1.1643199999999978,10697
2026-07-31T09:00:00+00:00,1.1643199999999978,1.1646399999999977,1.1624699999999977,1.1626899999999978,13322
2026-07-31T10:00:00+00:00,1.1626899999999978,1.1629699999999978,1.1622599999999976,1.1623499999999978,6450
2026-07-31T11:00:00+00:00,1.1623499999999978,1.1623499999999978,1.1606299999999978,1.1606799999999977,7586
2026-07-31T12:00:00+00:00,1.1606799999999977,1.1612299999999978,1.1602999999999977,1.1609799999999977,7421
2026-07-31T13:00:00+00:00,1.1609799999999977,1.1625099999999977,1.1576799999999978,1.1588199999999977,22808
2026-07-31T14:00:00+00:00,1.1588199999999977,1.1627799999999977,1.1584099999999977,1.1626199999999978,21953
2026-07-31T15:00:00+00:00,1.1626199999999978,1.1640099999999978,1.1618699999999977,1.1639599999999977,15322
2026-07-31T16:00:00+00:00,1.1639599999999977,1.1640599999999977,1.1633799999999976,1.1638599999999977,8611
2026-07-31T17:00:00+00:00,1.1638599999999977,1.1659099999999978,1.1638499999999978,1.1654899999999977,13879
2026-07-31T18:00:00+00:00,1.1654899999999977,1.1657799999999978,1.1645799999999977,1.1652299999999978,7954
2026-07-31T19:00:00+00:00,1.1652299999999978,1.1657599999999977,1.1648599999999978,1.1652899999999977,5347
2026-07-31T20:00:00+00:00,1.1652899999999977,1.1668799999999977,1.1645499999999978,1.1650599999999978,12465.842878018231
2026-08-02T21:00:00+00:00,1.1650599999999978,1.1655299999999977,1.1648499999999977,1.1652399999999978,1181.365045376564
2026-08-02T22:00:00+00:00,1.1652399999999978,1.1665999999999979,1.1652399999999978,1.1655399999999978,6942
2026-08-02T23:00:00+00:00,1.1655399999999978,1.165829999999998,1.1649199999999977,1.165079999999998,5503
2026-08-03T00:00:00+00:00,1.165079999999998,1.166299999999998,1.1642199999999978,1.164949999999998,20156
2026-08-03T01:00:00+00:00,1.164949999999998,1.165289999999998,1.1637099999999978,1.163929999999998,11203
2026-08-03T02:00:00+00:00,1.163929999999998,1.1642499999999978,1.163559999999998,1.163799999999998,5471
2026-08-03T03:00:00+00:00,1.163799999999998,1.1638199999999979,1.1634099999999978,1.163689999999998,4642
2026-08-03T04:00:00+00:00,1.163689999999998,1.1643099999999977,1.1636099999999978,1.1641199999999978,3617
2026-08-03T05:00:00+00:00,1.1641199999999978,1.1644599999999978,1.1638799999999978,1.1644299999999979,3995
2026-08-03T06:00:00+00:00,1.1644299999999979,1.1645899999999978,1.1630899999999977,1.1634099999999978,8629
2026-08-03T07:00:00+00:00,1.1634099999999978,1.163929999999998,1.162779999999998,1.1632999999999978,9898
2026-08-03T08:00:00+00:00,1.1632999999999978,1.1634799999999978,1.162809999999998,1.162979999999998,7404
2026-08-03T09:00:00+00:00,1.162979999999998,1.163729999999998,1.162709999999998,1.1629299999999978,7607
2026-08-03T10:00:00+00:00,1.1629299999999978,1.1631799999999979,1.1623899999999978,1.1629199999999977,6626
2026-08-03T11:00:00+00:00,1.1629199999999977,1.1639599999999979,1.1627899999999978,1.1639599999999979,6770
2026-08-03T12:00:00+00:00,1.1639599999999979,1.1642199999999978,1.1629899999999977,1.1635099999999978,8684
2026-08-03T13:00:00+00:00,1.1635099999999978,1.1642199999999978,1.1628899999999978,1.163359999999998,12593
2026-08-03T14:00:00+00:00,1.163359999999998,1.1634499999999979,1.161729999999998,1.1621099999999978,14495
2026-08-03T15:00:00+00:00,1.1621099999999978,1.162139999999998,1.160749999999998,1.1616699999999978,11323
2026-08-03T16:00:00+00:00,1.1616699999999978,1.161759999999998,1.161149999999998,1.161389999999998,6771
2026-08-03T17:00:00+00:00,1.161389999999998,1.1613999999999978,1.160849999999998,1.1609099999999979,5895
2026-08-03T18:00:00+00:00,1.1609099999999979,1.1621799999999978,1.1608599999999978,1.162069999999998,5099
2026-08-03T19:00:00+00:00,1.162069999999998,1.1621899999999978,1.161659999999998,1.1617499999999978,3844
2026-08-03T20:00:00+00:00,1.1617499999999978,1.161799999999998,1.1612799999999979,1.1613099999999978,2341
2026-08-03T21:00:00+00:00,1.1613099999999978,1.1616799999999978,1.1611999999999978,1.1616399999999978,2309
2026-08-03T22:00:00+00:00,1.1616399999999978,1.1617099999999978,1.1613799999999979,1.161599999999998,1477.4216725559481
2026-08-03T23:00:00+00:00,1.161599999999998,1.161759999999998,1.161369999999998,1.161419999999998,1878
2026-08-04T00:00:00+00:00,1.161419999999998,1.1622199999999978,1.1612099999999979,1.1612699999999978,6299
2026-08-04T01:00:00+00:00,1.1612699999999978,1.162169999999998,1.1609399999999979,1.1619499999999978,5567
2026-08-04T02:00:00+00:00,1.1619499999999978,1.162109999999998,1.161489999999998,1.1615199999999979,3928
2026-08-04T03:00:00+00:00,1.1615199999999979,1.1621299999999979,1.1614799999999978,1.161529999999998,4237
2026-08-04T04:00:00+00:00,1.161529999999998,1.1618199999999979,1.1613099999999978,1.1617499999999978,2857
2026-08-04T05:00:00+00:00,1.1617499999999978,1.161769999999998,1.1610999999999978,1.1614499999999979,4201
2026-08-04T06:00:00+00:00,1.1614499999999979,1.161759999999998,1.1610999999999978,1.1614499999999979,7340
2026-08-04T07:00:00+00:00,1.1614499999999979,1.162439999999998,1.1613499999999979,1.161799999999998,6900
2026-08-04T08:00:00+00:00,1.161799999999998,1.1621599999999979,1.1613399999999978,1.1615099999999978,7442
2026-08-04T09:00:00+00:00,1.1615099999999978,1.161839999999998,1.161049999999998,1.161529999999998,6294
2026-08-04T10:00:00+00:00,1.161529999999998,1.1625999999999979,1.161489999999998,1.162109999999998,8442
2026-08-04T11:00:00+00:00,1.162109999999998,1.163059999999998,1.161869999999998,1.162349999999998,10366
2026-08-04T12:00:00+00:00,1.162349999999998,1.1630399999999979,1.1620599999999979,1.162209999999998,8516
2026-08-04T13:00:00+00:00,1.162209999999998,1.163319999999998,1.1616499999999979,1.163119999999998,12875
2026-08-04T14:00:00+00:00,1.163119999999998,1.163799999999998,1.162619999999998,1.163029999999998,11167
2026-08-04T15:00:00+00:00,1.163029999999998,1.163369999999998,1.162069999999998,1.1633499999999979,9437
2026-08-04T16:00:00+00:00,1.1633499999999979,1.163389999999998,1.162379999999998,1.162589999999998,5052
2026-08-04T17:00:00+00:00,1.162589999999998,1.163359999999998,1.162589999999998,1.1631399999999978,4715
2026-08-04T18:00:00+00:00,1.1631399999999978,1.164099999999998,1.1629999999999978,1.164009999999998,5005
2026-08-04T19:00:00+00:00,1.164009999999998,1.164069999999998,1.1636799999999978,1.163799999999998,4224
2026-08-04T20:00:00+00:00,1.163799999999998,1.1641299999999979,1.163759999999998,1.163759999999998,2361
2026-08-04T21:00:00+00:00,1.163759999999998,1.163839999999998,1.1632399999999978,1.163669999999998,875
2026-08-04T22:00:00+00:00,1.163669999999998,1.164009999999998,1.163629999999998,1.163979999999998,1078.384115640734
2026-08-04T23:00:00+00:00,1.163979999999998,1.164049999999998,1.1637199999999979,1.163929999999998,2129
2026-08-05T00:00:00+00:00,1.163929999999998,1.164279999999998,1.163699999999998,1.163869999999998,5330
2026-08-05T01:00:00+00:00,1.163869999999998,1.163899999999998,1.163409999999998,1.163439999999998,4965
2026-08-05T02:00:00+00:00,1.163439999999998,1.164779999999998,1.163399999999998,1.164209999999998,6736
2026-08-05T03:00:00+00:00,1.164209999999998,1.1647699999999979,1.164199999999998,1.164459999999998,3893
2026-08-05T04:00:00+00:00,1.164459999999998,1.164749999999998,1.164199999999998,1.164349999999998,4428
2026-08-05T05:00:00+00:00,1.164349999999998,1.164539999999998,1.163909999999998,1.164299999999998,4493
2026-08-05T06:00:00+00:00,1.164299999999998,1.165309999999998,1.163969999999998,1.165219999999998,7549
2026-08-05T07:00:00+00:00,1.165219999999998,1.165419999999998,1.164119999999998,1.164539999999998,9167
2026-08-05T08:00:00+00:00,1.164539999999998,1.165169999999998,1.163849999999998,1.164289999999998,8483
2026-08-05T09:00:00+00:00,1.164289999999998,1.164999999999998,1.164079999999998,1.164709999999998,8419
2026-08-05T10:00:00+00:00,1.164709999999998,1.164819999999998,1.164239999999998,1.164689999999998,6034
2026-08-05T11:00:00+00:00,1.164689999999998,1.166259999999998,1.164689999999998,1.165999999999998,8266
2026-08-05T12:00:00+00:00,1.165999999999998,1.166449999999998,1.165209999999998,1.165289999999998,8637
2026-08-05T13:00:00+00:00,1.165289999999998,1.166129999999998,1.1647399999999979,1.165069999999998,12841
2026-08-05T14:00:00+00:00,1.165069999999998,1.166429999999998,1.164909999999998,1.166069999999998,14124
2026-08-05T15:00:00+00:00,1.166069999999998,1.1663999999999979,1.1650099999999979,1.165329999999998,12123
2026-08-05T16:00:00+00:00,1.165329999999998,1.165649999999998,1.1650099999999979,1.165329999999998,6354
2026-08-05T17:00:00+00:00,1.165329999999998,1.166459999999998,1.164999999999998,1.166359999999998,4766
2026-08-05T18:00:00+00:00,1.166359999999998,1.1666699999999979,1.1660599999999979,1.166099999999998,4992
2026-08-05T19:00:00+00:00,1.166099999999998,1.166209999999998,1.165489999999998,1.165839999999998,3985
2026-08-05T20:00:00+00:00,1.165839999999998,1.166149999999998,1.165659999999998,1.166039999999998,2430
2026-08-05T21:00:00+00:00,1.166039999999998,1.166279999999998,1.1656199999999979,1.165689999999998,2510
2026-08-05T22:00:00+00:00,1.165689999999998,1.166249999999998,1.165689999999998,1.166219999999998,1729
2026-08-05T23:00:00+00:00,1.166219999999998,1.1664999999999979,1.166139999999998,1.166429999999998,1361
2026-08-06T00:00:00+00:00,1.166429999999998,1.166699999999998,1.166199999999998,1.166359999999998,4427
2026-08-06T01:00:00+00:00,1.166359999999998,1.166479999999998,1.166089999999998,1.166219999999998,4982
2026-08-06T02:00:00+00:00,1.166219999999998,1.166519999999998,1.165979999999998,1.166099999999998,3750
2026-08-06T03:00:00+00:00,1.166099999999998,1.166119999999998,1.165419999999998,1.165609999999998,2922
2026-08-06T04:00:00+00:00,1.165609999999998,1.165689999999998,1.165439999999998,1.1656199999999979,2518
2026-08-06T05:00:00+00:00,1.1656199999999979,1.165769999999998,1.165199999999998,1.165659999999998,3066
2026-08-06T06:00:00+00:00,1.165659999999998,1.1658899999999979,1.165029999999998,1.165219999999998,5937
2026-08-06T07:00:00+00:00,1.165219999999998,1.165399999999998,1.164849999999998,1.165159999999998,6881
2026-08-06T08:00:00+00:00,1.165159999999998,1.165249999999998,1.164629999999998,1.165049999999998,6901
2026-08-06T09:00:00+00:00,1.165049999999998,1.165129999999998,1.164379999999998,1.164579999999998,5361
2026-08-06T10:00:00+00:00,1.164579999999998,1.164999999999998,1.164379999999998,1.164829999999998,4742
2026-08-06T11:00:00+00:00,1.164829999999998,1.165419999999998,1.164489999999998,1.165239999999998,5876
2026-08-06T12:00:00+00:00,1.165239999999998,1.165289999999998,1.164409999999998,1.164589999999998,7203
2026-08-06T13:00:00+00:00,1.164589999999998,1.165199999999998,1.164299999999998,1.165019999999998,8486
2026-08-06T14:00:00+00:00,1.165019999999998,1.165129999999998,1.1637899999999979,1.164239999999998,10918
2026-08-06T15:00:00+00:00,1.164239999999998,1.164299999999998,1.162659999999998,1.162799999999998,10589
2026-08-06T16:00:00+00:00,1.162799999999998,1.1630099999999979,1.162209999999998,1.162789999999998,6410
2026-08-06T17:00:00+00:00,1.162789999999998,1.163019999999998,1.162479999999998,1.163019999999998,4521
2026-08-06T18:00:00+00:00,1.163019999999998,1.163209999999998,1.162899999999998,1.1631099999999979,2974
2026-08-06T19:00:00+00:00,1.1631099999999979,1.163309999999998,1.162459999999998,1.163059999999998,5172
2026-08-06T20:00:00+00:00,1.163059999999998,1.163169999999998,1.162609999999998,1.163139999999998,2490
2026-08-06T21:00:00+00:00,1.163139999999998,1.163139999999998,1.162599999999998,1.162729999999998,961
2026-08-06T22:00:00+00:00,1.162729999999998,1.163049999999998,1.162729999999998,1.162879999999998,1364
2026-08-06T23:00:00+00:00,1.162879999999998,1.163149999999998,1.162879999999998,1.1631299999999978,840.6126033164728
2026-08-07T00:00:00+00:00,1.1631299999999978,1.1631399999999978,1.162539999999998,1.1626499999999977,4873
2026-08-07T01:00:00+00:00,1.1626499999999977,1.1633099999999978,1.1625899999999978,1.1628999999999978,4174
2026-08-07T02:00:00+00:00,1.1628999999999978,1.163079999999998,1.1627999999999978,1.1628899999999978,3088
2026-08-07T03:00:00+00:00,1.1628899999999978,1.1630699999999978,1.1627199999999978,1.1630699999999978,3017
2026-08-07T04:00:00+00:00,1.1630699999999978,1.1631699999999978,1.1628899999999978,1.1630999999999978,3534
2026-08-07T05:00:00+00:00,1.1630999999999978,1.1632799999999979,1.162809999999998,1.162979999999998,2946
2026-08-07T06:00:00+00:00,1.162979999999998,1.1632399999999978,1.1628499999999977,1.1629499999999977,6045
2026-08-07T07:00:00+00:00,1.1629499999999977,1.1631699999999978,1.1625199999999978,1.1629899999999977,5852
2026-08-07T08:00:00+00:00,1.1629899999999977,1.1632699999999978,1.1625499999999978,1.1630899999999977,7018
2026-08-07T09:00:00+00:00,1.1630899999999977,1.1638699999999977,1.1630299999999978,1.1636399999999978,6347
2026-08-07T10:00:00+00:00,1.1636399999999978,1.1636699999999978,1.1632999999999978,1.1634399999999978,5690
2026-08-07T11:00:00+00:00,1.1634399999999978,1.1640799999999978,1.163389999999998,1.1640399999999977,5893
2026-08-07T12:00:00+00:00,1.1640399999999977,1.1688299999999978,1.1633599999999977,1.1680099999999978,27507
2026-08-07T13:00:00+00:00,1.1680099999999978,1.1682799999999978,1.1663999999999979,1.1665199999999978,17442
2026-08-07T14:00:00+00:00,1.1665199999999978,1.1671599999999978,1.1657899999999979,1.1660499999999978,15447
2026-08-07T15:00:00+00:00,1.1660499999999978,1.1671199999999977,1.1657499999999978,1.1665999999999979,11488
2026-08-07T16:00:00+00:00,1.1665999999999979,1.1674699999999978,1.1664799999999977,1.166639999999998,7615
2026-08-07T17:00:00+00:00,1.166639999999998,1.1670899999999977,1.1664899999999978,1.1668499999999977,4309
2026-08-07T18:00:00+00:00,1.1668499999999977,1.1674099999999976,1.166639999999998,1.1672899999999977,3970
2026-08-07T19:00:00+00:00,1.1672899999999977,1.1678099999999978,1.1668899999999978,1.1669699999999976,5685
2026-08-07T20:00:00+00:00,1.1669699999999976,1.1669799999999977,1.1661699999999977,1.1661699999999977,2934
2026-08-09T21:00:00+00:00,1.1661699999999977,1.1663599999999978,1.1656499999999979,1.1657699999999978,574.365436414452
2026-08-09T22:00:00+00:00,1.1657699999999978,1.1660899999999979,1.1653599999999977,1.1653799999999979,1333
2026-08-09T23:00:00+00:00,1.1653799999999979,1.1656799999999978,1.1652799999999979,1.1653899999999977,1834
2026-08-10T00:00:00+00:00,1.1653899999999977,1.165759999999998,1.1652699999999978,1.165659999999998,5644
2026-08-10T01:00:00+00:00,1.165659999999998,1.165759999999998,1.165049999999998,1.165249999999998,5885
2026-08-10T02:00:00+00:00,1.165249999999998,1.1653799999999979,1.1649399999999979,1.1650099999999979,3036
2026-08-10T03:00:00+00:00,1.1650099999999979,1.1651399999999978,1.1647499999999977,1.1647499999999977,3029
2026-08-10T04:00:00+00:00,1.1647499999999977,1.1651199999999977,1.1646599999999978,1.1649999999999978,2566
2026-08-10T05:00:00+00:00,1.1649999999999978,1.165489999999998,1.1648599999999978,1.1653499999999979,3957
2026-08-10T06:00:00+00:00,1.1653499999999979,1.1656199999999979,1.1650899999999977,1.1653599999999977,5789
2026-08-10T07:00:00+00:00,1.1653599999999977,1.1664299999999979,1.165049999999998,1.1659599999999979,7216
2026-08-10T08:00:00+00:00,1.1659599999999979,1.1664199999999978,1.1658099999999978,1.1659599999999979,5471
2026-08-10T09:00:00+00:00,1.1659599999999979,1.1662299999999979,1.1655399999999978,1.1655499999999979,4822
2026-08-10T10:00:00+00:00,1.1655499999999979,1.165659999999998,1.1652999999999978,1.1653899999999977,5443
2026-08-10T11:00:00+00:00,1.1653899999999977,1.1654999999999978,1.1647599999999978,1.1650899999999977,5236
2026-08-10T12:00:00+00:00,1.1650899999999977,1.1653699999999978,1.1643799999999978,1.1645699999999979,7668
2026-08-10T13:00:00+00:00,1.1645699999999979,1.1652399999999978,1.1642499999999978,1.1643599999999978,10273
2026-08-10T14:00:00+00:00,1.1643599999999978,1.1654399999999978,1.1642899999999978,1.165049999999998,8844
2026-08-10T15:00:00+00:00,1.165049999999998,1.1652099999999979,1.1644899999999978,1.1650199999999977,7803
2026-08-10T16:00:00+00:00,1.1650199999999977,1.1652899999999977,1.164369999999998,1.1645699999999979,5568
2026-08-10T17:00:00+00:00,1.1645699999999979,1.1646299999999978,1.1639599999999979,1.1641499999999978,4005
2026-08-10T18:00:00+00:00,1.1641499999999978,1.1643399999999977,1.163859999999998,1.1640799999999978,4512
2026-08-10T19:00:00+00:00,1.1640799999999978,1.1641799999999978,1.1638799999999978,1.1640099999999978,3384
2026-08-10T20:00:00+00:00,1.1640099999999978,1.1641799999999978,1.1638199999999979,1.1639699999999977,1812
2026-08-10T21:00:00+00:00,1.1639699999999977,1.1640499999999978,1.1637499999999978,1.163929999999998,521.3811019500065
2026-08-10T22:00:00+00:00,1.163929999999998,1.1642799999999978,1.163929999999998,1.1642299999999979,1550
2026-08-10T23:00:00+00:00,1.1642299999999979,1.1645199999999978,1.1640799999999978,1.1644599999999978,1525
2026-08-11T00:00:00+00:00,1.1644599999999978,1.1648399999999979,1.1643799999999978,1.164469999999998,4224
2026-08-11T01:00:00+00:00,1.164469999999998,1.1648299999999978,1.1641599999999979,1.164469999999998,4036
2026-08-11T02:00:00+00:00,1.164469999999998,1.1644899999999978,1.1637299999999977,1.1638399999999978,4591
2026-08-11T03:00:00+00:00,1.1638399999999978,1.1643499999999978,1.1638099999999978,1.1641499999999978,2661
2026-08-11T04:00:00+00:00,1.1641499999999978,1.1643799999999978,1.1637899999999979,1.1641399999999977,3972
2026-08-11T05:00:00+00:00,1.1641399999999977,1.1641499999999978,1.1637399999999978,1.1639699999999977,3829
2026-08-11T06:00:00+00:00,1.1639699999999977,1.1642099999999977,1.163149999999998,1.1635599999999977,6467
2026-08-11T07:00:00+00:00,1.1635599999999977,1.1638699999999977,1.1630399999999979,1.163049999999998,6910
2026-08-11T08:00:00+00:00,1.163049999999998,1.1637299999999977,1.1629999999999978,1.1634799999999978,6272
2026-08-11T09:00:00+00:00,1.1634799999999978,1.1635999999999977,1.1631399999999978,1.1635799999999978,4458
2026-08-11T10:00:00+00:00,1.1635799999999978,1.1637099999999978,1.1631999999999978,1.1635099999999978,5746
2026-08-11T11:00:00+00:00,1.1635099999999978,1.1642199999999978,1.1633099999999978,1.163519999999998,9405
2026-08-11T12:00:00+00:00,1.163519999999998,1.1642799999999978,1.1632299999999978,1.1639999999999977,7658
2026-08-11T13:00:00+00:00,1.1639999999999977,1.164709999999998,1.1637699999999978,1.1642799999999978,7689
2026-08-11T14:00:00+00:00,1.1642799999999978,1.1642899999999978,1.1636399999999978,1.1641299999999979,7493
2026-08-11T15:00:00+00:00,1.1641299999999979,1.1643299999999979,1.1635099999999978,1.1641599999999979,7007
2026-08-11T16:00:00+00:00,1.1641599999999979,1.1642399999999977,1.1637699999999978,1.1638099999999978,4363
2026-08-11T17:00:00+00:00,1.1638099999999978,1.1638799999999978,1.1632899999999977,1.163659999999998,3102
2026-08-11T18:00:00+00:00,1.163659999999998,1.1640799999999978,1.1633999999999978,1.1639099999999978,4242
2026-08-11T19:00:00+00:00,1.1639099999999978,1.1641599999999979,1.163859999999998,1.1641499999999978,2940
2026-08-11T20:00:00+00:00,1.1641499999999978,1.1642399999999977,1.1637999999999977,1.1639799999999978,1878.4714156079854
2026-08-11T21:00:00+00:00,1.1639799999999978,1.1639799999999978,1.1637199999999979,1.1638999999999977,545.5307887723375
2026-08-11T22:00:00+00:00,1.1638999999999977,1.1642199999999978,1.1638899999999979,1.1641799999999978,995
2026-08-11T23:00:00+00:00,1.1641799999999978,1.1642399999999977,1.1639599999999979,1.164199999999998,1109
2026-08-12T00:00:00+00:00,1.164199999999998,1.1643299999999979,1.1638099999999978,1.1639399999999978,3921
2026-08-12T01:00:00+00:00,1.1639399999999978,1.1639499999999978,1.163519999999998,1.1636799999999978,3304
2026-08-12T02:00:00+00:00,1.1636799999999978,1.1638699999999977,1.1633799999999979,1.1636999999999977,3306
2026-08-12T03:00:00+00:00,1.1636999999999977,1.1637199999999979,1.1633599999999977,1.1633999999999978,2165
2026-08-12T04:00:00+00:00,1.1633999999999978,1.1635099999999978,1.1631399999999978,1.1634399999999978,1827
2026-08-12T05:00:00+00:00,1.1634399999999978,1.1634499999999979,1.163079999999998,1.1632399999999978,2742
2026-08-12T06:00:00+00:00,1.1632399999999978,1.163589999999998,1.1631999999999978,1.1635799999999978,5378
2026-08-12T07:00:00+00:00,1.1635799999999978,1.1638099999999978,1.1634499999999979,1.1636099999999978,4021
2026-08-12T08:00:00+00:00,1.1636099999999978,1.1638799999999978,1.163319999999998,1.1635799999999978,5000
2026-08-12T09:00:00+00:00,1.1635799999999978,1.1648599999999978,1.163319999999998,1.1634699999999978,9645
2026-08-12T10:00:00+00:00,1.1634699999999978,1.1637699999999978,1.1630999999999978,1.1633499999999979,5951
2026-08-12T11:00:00+00:00,1.1633499999999979,1.1644199999999978,1.1632599999999977,1.1642099999999977,5459
2026-08-12T12:00:00+00:00,1.1642099999999977,1.1661599999999979,1.163149999999998,1.1657999999999977,23511
2026-08-12T13:00:00+00:00,1.1657999999999977,1.1661399999999977,1.1644599999999978,1.165079999999998,17688
2026-08-12T14:00:00+00:00,1.165079999999998,1.1653099999999978,1.163759999999998,1.1641699999999977,12510
2026-08-12T15:00:00+00:00,1.1641699999999977,1.1642499999999978,1.1633799999999979,1.1638099999999978,8111
2026-08-12T16:00:00+00:00,1.1638099999999978,1.1638799999999978,1.1623199999999978,1.1626699999999979,5914
2026-08-12T17:00:00+00:00,1.1626699999999979,1.1629299999999978,1.161999999999998,1.1620099999999978,5016
2026-08-12T18:00:00+00:00,1.1620099999999978,1.1625699999999979,1.1618399999999978,1.1619699999999977,3278.3418893672324
2026-08-12T19:00:00+00:00,1.1619699999999977,1.1623399999999977,1.1618499999999978,1.162099999999998,3455
2026-08-12T20:00:00+00:00,1.162099999999998,1.1624799999999977,1.1620099999999978,1.1620199999999978,2022
2026-08-12T21:00:00+00:00,1.1620199999999978,1.1621899999999978,1.1619199999999978,1.162129999999998,672.5000758035193
2026-08-12T22:00:00+00:00,1.162129999999998,1.1625499999999982,1.162109999999998,1.1625399999999981,852.9965868299782
2026-08-12T23:00:00+00:00,1.1625399999999981,1.1626799999999982,1.162499999999998,1.1626499999999982,1053
2026-08-13T00:00:00+00:00,1.1626499999999982,1.163009999999998,1.1625399999999981,1.162769999999998,4684
2026-08-13T01:00:00+00:00,1.162769999999998,1.162969999999998,1.162229999999998,1.1623699999999981,4585
2026-08-13T02:00:00+00:00,1.1623699999999981,1.162429999999998,1.1618499999999983,1.162059999999998,2942
2026-08-13T03:00:00+00:00,1.162059999999998,1.1622999999999981,1.1618799999999982,1.1621399999999982,4242
2026-08-13T04:00:00+00:00,1.1621399999999982,1.1625799999999982,1.1618699999999982,1.1624699999999981,3643
2026-08-13T05:00:00+00:00,1.1624699999999981,1.162599999999998,1.1621999999999981,1.1623799999999982,3615
2026-08-13T06:00:00+00:00,1.1623799999999982,1.162499999999998,1.1610599999999982,1.1616899999999981,7053
2026-08-13T07:00:00+00:00,1.1616899999999981,1.1626599999999983,1.161579999999998,1.1624499999999982,5850
2026-08-13T08:00:00+00:00,1.1624499999999982,1.162739999999998,1.1621499999999982,1.1622899999999983,5632
2026-08-13T09:00:00+00:00,1.1622899999999983,1.1633599999999982,1.1621999999999981,1.1633299999999982,5004
2026-08-13T10:00:00+00:00,1.1633299999999982,1.1637399999999982,1.1632599999999982,1.1634699999999982,4494
2026-08-13T11:00:00+00:00,1.1634699999999982,1.1637399999999982,1.163139999999998,1.1632899999999982,4899
2026-08-13T12:00:00+00:00,1.1632899999999982,1.1643199999999982,1.1624399999999981,1.1642799999999982,10882
2026-08-13T13:00:00+00:00,1.1642799999999982,1.164399999999998,1.162939999999998,1.1633199999999981,12763
2026-08-13T14:00:00+00:00,1.1633199999999981,1.1644199999999982,1.1630199999999982,1.1642699999999981,13476
2026-08-13T15:00:00+00:00,1.1642699999999981,1.1644399999999981,1.1628999999999983,1.1629599999999982,9524
2026-08-13T16:00:00+00:00,1.1629599999999982,1.1631699999999983,1.1623099999999982,1.162839999999998,5503
2026-08-13T17:00:00+00:00,1.162839999999998,1.163039999999998,1.1624599999999983,1.1626599999999983,4128
2026-08-13T18:00:00+00:00,1.1626599999999983,1.163109999999998,1.1625199999999982,1.1627899999999982,3841
2026-08-13T19:00:00+00:00,1.1627899999999982,1.163039999999998,1.1626399999999981,1.1627599999999982,4133
2026-08-13T20:00:00+00:00,1.1627599999999982,1.1628799999999981,1.1625099999999982,1.1627299999999983,2219
2026-08-13T21:00:00+00:00,1.1627299999999983,1.1632999999999982,1.162429999999998,1.1630599999999982,411.3346543713449
2026-08-13T22:00:00+00:00,1.1630599999999982,1.1634299999999982,1.1630599999999982,1.1633999999999982,1142
2026-08-13T23:00:00+00:00,1.1633999999999982,1.1636999999999982,1.1633999999999982,1.1636399999999982,1171.2338006820764
2026-08-14T00:00:00+00:00,1.1636399999999982,1.1641899999999983,1.1636199999999983,1.1640999999999981,4223
2026-08-14T01:00:00+00:00,1.1640999999999981,1.1640999999999981,1.1634699999999982,1.1636699999999982,3972
2026-08-14T02:00:00+00:00,1.1636699999999982,1.1639999999999981,1.1636199999999983,1.1636899999999981,2949
2026-08-14T03:00:00+00:00,1.1636899999999981,1.1641999999999981,1.1636499999999983,1.1639799999999982,2868
2026-08-14T04:00:00+00:00,1.1639799999999982,1.1642999999999981,1.1639299999999981,1.1641399999999982,2373
2026-08-14T05:00:00+00:00,1.1641399999999982,1.1645499999999982,1.1640799999999982,1.1644499999999982,3382
2026-08-14T06:00:00+00:00,1.1644499999999982,1.1647099999999981,1.1641399999999982,1.1646999999999983,4730
2026-08-14T07:00:00+00:00,1.1646999999999983,1.1653999999999982,1.1645799999999982,1.1653399999999983,5990
2026-08-14T08:00:00+00:00,1.1653399999999983,1.1660299999999981,1.1652999999999982,1.1658299999999981,6266
2026-08-14T09:00:00+00:00,1.1658299999999981,1.1659499999999983,1.1653599999999982,1.1657299999999982,4968
2026-08-14T10:00:00+00:00,1.1657299999999982,1.1658699999999982,1.1654699999999982,1.1658199999999983,3722
2026-08-14T11:00:00+00:00,1.1658199999999983,1.1674499999999983,1.1658199999999983,1.1667999999999983,7292
2026-08-14T12:00:00+00:00,1.1667999999999983,1.1680999999999981,1.1665199999999982,1.1668599999999982,12106
2026-08-14T13:00:00+00:00,1.1668599999999982,1.1687399999999981,1.1664599999999983,1.1682699999999981,12686
2026-08-14T14:00:00+00:00,1.1682699999999981,1.1688099999999981,1.167959999999998,1.1683399999999982,12162
2026-08-14T15:00:00+00:00,1.1683399999999982,1.1687799999999982,1.167959999999998,1.1682799999999982,8982
2026-08-14T16:00:00+00:00,1.1682799999999982,1.1684599999999983,1.1672699999999983,1.1673699999999982,5526
2026-08-14T17:00:00+00:00,1.1673699999999982,1.1674099999999983,1.1665499999999982,1.1667399999999981,4959
2026-08-14T18:00:00+00:00,1.1667399999999981,1.1669599999999982,1.166569999999998,1.1668099999999981,3588
2026-08-14T19:00:00+00:00,1.1668099999999981,1.167179999999998,1.1667099999999981,1.1670999999999982,3389
2026-08-14T20:00:00+00:00,1.1670999999999982,1.1672899999999982,1.1669199999999982,1.1669699999999983,2188
2026-08-16T21:00:00+00:00,1.1669699999999983,1.167179999999998,1.1667899999999982,1.1670499999999981,2463.124289086425
2026-08-16T22:00:00+00:00,1.1670499999999981,1.168349999999998,1.1670499999999981,1.168289999999998,1599
2026-08-16T23:00:00+00:00,1.168289999999998,1.168399999999998,1.168059999999998,1.168189999999998,1174.2632166790768
2026-08-17T00:00:00+00:00,1.168189999999998,1.1689099999999981,1.168189999999998,1.168829999999998,4893
2026-08-17T01:00:00+00:00,1.168829999999998,1.169179999999998,1.1686399999999981,1.1691599999999982,4685
2026-08-17T02:00:00+00:00,1.1691599999999982,1.1692599999999982,1.1687199999999982,1.1687899999999982,3217
2026-08-17T03:00:00+00:00,1.1687899999999982,1.169179999999998,1.168669999999998,1.169169999999998,3116
2026-08-17T04:00:00+00:00,1.169169999999998,1.169619999999998,1.1690799999999981,1.1692999999999982,3142
2026-08-17T05:00:00+00:00,1.1692999999999982,1.169749999999998,1.169099999999998,1.169549999999998,4958
2026-08-17T06:00:00+00:00,1.169549999999998,1.170499999999998,1.1691899999999982,1.170389999999998,6525
2026-08-17T07:00:00+00:00,1.170389999999998,1.1720099999999982,1.1701099999999982,1.171479999999998,9840
2026-08-17T08:00:00+00:00,1.171479999999998,1.172229999999998,1.170359999999998,1.170699999999998,8965
2026-08-17T09:00:00+00:00,1.170699999999998,1.1710599999999982,1.170419999999998,1.170499999999998,6682
2026-08-17T10:00:00+00:00,1.170499999999998,1.170659999999998,1.169779999999998,1.1698599999999981,6939
2026-08-17T11:00:00+00:00,1.1698599999999981,1.170359999999998,1.1695899999999981,1.170049999999998,5026
2026-08-17T12:00:00+00:00,1.170049999999998,1.170599999999998,1.1695199999999981,1.1705799999999982,8788
2026-08-17T13:00:00+00:00,1.1705799999999982,1.170799999999998,1.1695899999999981,1.170289999999998,9223
2026-08-17T14:00:00+00:00,1.170289999999998,1.1707499999999982,1.1694299999999982,1.1694999999999982,9929
2026-08-17T15:00:00+00:00,1.1694999999999982,1.1698299999999981,1.1689899999999982,1.1698299999999981,7612
2026-08-17T16:00:00+00:00,1.1698299999999981,1.1700099999999982,1.1693299999999982,1.169649999999998,3953
2026-08-17T17:00:00+00:00,1.169649999999998,1.1697999999999982,1.1684399999999981,1.168529999999998,5336
2026-08-17T18:00:00+00:00,1.168529999999998,1.168669999999998,1.167919999999998,1.1680699999999982,5080
2026-08-17T19:00:00+00:00,1.1680699999999982,1.168869999999998,1.1680399999999982,1.168699999999998,3549
2026-08-17T20:00:00+00:00,1.168699999999998,1.168869999999998,1.1685499999999982,1.1686399999999981,1733
2026-08-17T21:00:00+00:00,1.1686399999999981,1.1687399999999981,1.1684799999999982,1.168569999999998,724.1383300559098
2026-08-17T22:00:00+00:00,1.168569999999998,1.168859999999998,1.168569999999998,1.1686799999999982,994
2026-08-17T23:00:00+00:00,1.1686799999999982,1.169179999999998,1.168629999999998,1.1690899999999982,986.3251710478934
2026-08-18T00:00:00+00:00,1.1690899999999982,1.1693199999999981,1.168589999999998,1.169069999999998,4280
2026-08-18T01:00:00+00:00,1.169069999999998,1.1693999999999982,1.168699999999998,1.1687899999999982,4678
2026-08-18T02:00:00+00:00,1.1687899999999982,1.168859999999998,1.1683399999999982,1.168839999999998,4035
2026-08-18T03:00:00+00:00,1.168839999999998,1.168839999999998,1.1679699999999982,1.1681399999999982,3475
2026-08-18T04:00:00+00:00,1.1681399999999982,1.168289999999998,1.1677999999999982,1.167959999999998,3270
2026-08-18T05:00:00+00:00,1.167959999999998,1.168249999999998,1.167749999999998,1.168119999999998,3860
2026-08-18T06:00:00+00:00,1.168119999999998,1.1682999999999981,1.1674899999999981,1.1680299999999981,7360
2026-08-18T07:00:00+00:00,1.1680299999999981,1.168569999999998,1.167779999999998,1.1682099999999982,6959
2026-08-18T08:00:00+00:00,1.1682099999999982,1.1685799999999982,1.1677399999999982,1.1684399999999981,5771
2026-08-18T09:00:00+00:00,1.1684399999999981,1.1688199999999982,1.168089999999998,1.1687399999999981,5146
2026-08-18T10:00:00+00:00,1.1687399999999981,1.1687399999999981,1.168219999999998,1.1684399999999981,4784
2026-08-18T11:00:00+00:00,1.1684399999999981,1.1685099999999982,1.168079999999998,1.168489999999998,4241
2026-08-18T12:00:00+00:00,1.168489999999998,1.1687499999999982,1.167989999999998,1.1682699999999981,6931
2026-08-18T13:00:00+00:00,1.1682699999999981,1.169309999999998,1.1678599999999981,1.1688799999999981,10501
2026-08-18T14:00:00+00:00,1.1688799999999981,1.169649999999998,1.168869999999998,1.1689199999999982,12409
2026-08-18T15:00:00+00:00,1.1689199999999982,1.169439999999998,1.168489999999998,1.1687399999999981,9149
2026-08-18T16:00:00+00:00,1.1687399999999981,1.1693899999999982,1.1686799999999982,1.1687899999999982,4738
2026-08-18T17:00:00+00:00,1.1687899999999982,1.168859999999998,1.168249999999998,1.168489999999998,4307
2026-08-18T18:00:00+00:00,1.168489999999998,1.168699999999998,1.168229999999998,1.168389999999998,2891
2026-08-18T19:00:00+00:00,1.168389999999998,1.168899999999998,1.168219999999998,1.1682999999999981,4254
2026-08-18T20:00:00+00:00,1.1682999999999981,1.1684699999999981,1.167989999999998,1.1682799999999982,2601.480785413745
2026-08-18T21:00:00+00:00,1.1682799999999982,1.1685899999999982,1.1680399999999982,1.1682199999999983,1292.4216753669061
2026-08-18T22:00:00+00:00,1.1682199999999983,1.1684599999999983,1.1682199999999983,1.1683899999999983,1091
2026-08-18T23:00:00+00:00,1.1683899999999983,1.1686199999999984,1.1681299999999983,1.1683899999999983,1656
2026-08-19T00:00:00+00:00,1.1683899999999983,1.1689499999999984,1.1681199999999983,1.1682099999999984,6189
2026-08-19T01:00:00+00:00,1.1682099999999984,1.1685799999999984,1.1677999999999984,1.1684999999999983,5619
2026-08-19T02:00:00+00:00,1.1684999999999983,1.1695099999999983,1.1684499999999984,1.1690199999999984,6367
2026-08-19T03:00:00+00:00,1.1690199999999984,1.1692699999999985,1.1688899999999984,1.1689199999999984,3339
2026-08-19T04:00:00+00:00,1.1689199999999984,1.1694599999999984,1.1688399999999983,1.1693599999999984,3800
2026-08-19T05:00:00+00:00,1.1693599999999984,1.1697399999999984,1.1692499999999983,1.1696399999999985,4492
2026-08-19T06:00:00+00:00,1.1696399999999985,1.1706599999999983,1.1695599999999984,1.1702599999999983,7168
2026-08-19T07:00:00+00:00,1.1702599999999983,1.1705599999999983,1.1699499999999983,1.1704399999999984,5555
2026-08-19T08:00:00+00:00,1.1704399999999984,1.1713099999999983,1.1703399999999984,1.1705999999999983,7342
2026-08-19T09:00:00+00:00,1.1705999999999983,1.1716099999999983,1.1704399999999984,1.1714399999999983,5265
2026-08-19T10:00:00+00:00,1.1714399999999983,1.1719799999999985,1.1713199999999984,1.1714499999999983,4821
2026-08-19T11:00:00+00:00,1.1714499999999983,1.1716599999999984,1.1707299999999983,1.1710699999999983,5575
2026-08-19T12:00:00+00:00,1.1710699999999983,1.1751399999999983,1.1710399999999983,1.1743499999999985,19336
2026-08-19T13:00:00+00:00,1.1743499999999985,1.1767499999999984,1.1743499999999985,1.1764299999999983,24367
2026-08-19T14:00:00+00:00,1.1764299999999983,1.1785099999999984,1.1761699999999984,1.1771299999999985,22104
2026-08-19T15:00:00+00:00,1.1771299999999985,1.1775999999999984,1.1764699999999984,1.1771799999999983,14150
2026-08-19T16:00:00+00:00,1.1771799999999983,1.1779999999999984,1.1771699999999983,1.1776399999999985,7849
2026-08-19T17:00:00+00:00,1.1776399999999985,1.1780099999999984,1.1766299999999983,1.1766899999999985,8247
2026-08-19T18:00:00+00:00,1.1766899999999985,1.1782999999999983,1.1766399999999984,1.1781399999999984,11168
2026-08-19T19:00:00+00:00,1.1781399999999984,1.1787099999999984,1.1777799999999983,1.1785199999999985,7732
2026-08-19T20:00:00+00:00,1.1785199999999985,1.1786999999999983,1.1782899999999983,1.1784499999999984,2685
2026-08-19T21:00:00+00:00,1.1784499999999984,1.1785899999999985,1.1782199999999983,1.1783499999999985,521.183011216024
2026-08-19T22:00:00+00:00,1.1783499999999985,1.1788499999999984,1.1782899999999983,1.1783099999999984,2021
2026-08-19T23:00:00+00:00,1.1783099999999984,1.1785399999999984,1.1780499999999983,1.1782199999999983,2444
2026-08-20T00:00:00+00:00,1.1782199999999983,1.1787699999999983,1.1780299999999984,1.1782099999999984,6574
2026-08-20T01:00:00+00:00,1.1782099999999984,1.1790599999999984,1.1777899999999983,1.1784399999999984,9423
2026-08-20T02:00:00+00:00,1.1784399999999984,1.1791499999999984,1.1780699999999984,1.1782799999999984,5926
2026-08-20T03:00:00+00:00,1.1782799999999984,1.1787899999999985,1.1782099999999984,1.1787299999999983,4177
2026-08-20T04:00:00+00:00,1.1787299999999983,1.1788299999999983,1.1779899999999983,1.1780899999999983,3918
2026-08-20T05:00:00+00:00,1.1780899999999983,1.1785299999999983,1.1778099999999985,1.1783899999999983,5573
2026-08-20T06:00:00+00:00,1.1783899999999983,1.1796199999999983,1.1781299999999983,1.1795899999999984,8126
2026-08-20T07:00:00+00:00,1.1795899999999984,1.1801399999999984,1.1786199999999984,1.1800599999999983,10111
2026-08-20T08:00:00+00:00,1.1800599999999983,1.1807699999999983,1.1796699999999984,1.1806499999999984,9083
2026-08-20T09:00:00+00:00,1.1806499999999984,1.1817599999999984,1.1803499999999985,1.1814899999999984,9580
2026-08-20T10:00:00+00:00,1.1814899999999984,1.1818399999999984,1.1802199999999983,1.1804999999999983,7987
2026-08-20T11:00:00+00:00,1.1804999999999983,1.1805999999999983,1.1790599999999984,1.1792499999999984,9894
2026-08-20T12:00:00+00:00,1.1792499999999984,1.1798199999999983,1.1785699999999983,1.1796499999999983,15062
2026-08-20T13:00:00+00:00,1.1796499999999983,1.1802499999999985,1.1782699999999984,1.1783299999999983,15841
2026-08-20T14:00:00+00:00,1.1783299999999983,1.1792999999999985,1.1778699999999984,1.1790699999999983,13317
2026-08-20T15:00:00+00:00,1.1790699999999983,1.1801599999999983,1.1780099999999984,1.1786799999999984,20802
2026-08-20T16:00:00+00:00,1.1786799999999984,1.1787899999999985,1.1777199999999983,1.1781099999999984,8699
2026-08-20T17:00:00+00:00,1.1781099999999984,1.1782999999999983,1.1778099999999985,1.1782499999999985,5187
2026-08-20T18:00:00+00:00,1.1782499999999985,1.1784399999999984,1.1778799999999983,1.1783999999999983,4820
2026-08-20T19:00:00+00:00,1.1783999999999983,1.1786399999999984,1.1781199999999983,1.1785799999999984,4005
2026-08-20T20:00:00+00:00,1.1785799999999984,1.1787699999999983,1.1783899999999983,1.1786099999999984,2566
2026-08-20T21:00:00+00:00,1.1786099999999984,1.1786099999999984,1.1784299999999983,1.1784799999999984,853.4408439212029
2026-08-20T22:00:00+00:00,1.1784799999999984,1.1791999999999985,1.1784799999999984,1.1791099999999983,1355
2026-08-20T23:00:00+00:00,1.1791099999999983,1.1795899999999984,1.1790999999999983,1.1795499999999983,2197
2026-08-21T00:00:00+00:00,1.1795499999999983,1.1797599999999984,1.1790899999999984,1.1791099999999983,6044
2026-08-21T01:00:00+00:00,1.1791099999999983,1.1800899999999983,1.1790899999999984,1.1798299999999984,6519
2026-08-21T02:00:00+00:00,1.1798299999999984,1.1808699999999983,1.1795999999999984,1.1803799999999984,5208
2026-08-21T03:00:00+00:00,1.1803799999999984,1.1806399999999984,1.1799499999999983,1.1802099999999984,3971
2026-08-21T04:00:00+00:00,1.1802099999999984,1.1803199999999983,1.1798899999999983,1.1800999999999984,3231
2026-08-21T05:00:00+00:00,1.1800999999999984,1.1807099999999984,1.1798099999999985,1.1805899999999985,4359
2026-08-21T06:00:00+00:00,1.1805899999999985,1.1806199999999984,1.1798199999999983,1.1805899999999985,6425
2026-08-21T07:00:00+00:00,1.1805899999999985,1.1808199999999984,1.1794699999999985,1.1798599999999984,8833
2026-08-21T08:00:00+00:00,1.1798599999999984,1.1814299999999984,1.1797199999999983,1.1813099999999983,9313
2026-08-21T09:00:00+00:00,1.1813099999999983,1.1819399999999984,1.1807899999999985,1.1807999999999983,8957
2026-08-21T10:00:00+00:00,1.1807999999999983,1.1818599999999984,1.1806999999999983,1.1809899999999984,7088
2026-08-21T11:00:00+00:00,1.1809899999999984,1.1817699999999984,1.1804099999999984,1.1808699999999983,10203
2026-08-21T12:00:00+00:00,1.1808699999999983,1.1810999999999983,1.1792999999999985,1.1798399999999984,10182
2026-08-21T13:00:00+00:00,1.1798399999999984,1.1799199999999983,1.1786699999999983,1.1791299999999985,10901
2026-08-21T14:00:00+00:00,1.1791299999999985,1.1791299999999985,1.1776799999999983,1.1780999999999984,12272
2026-08-21T15:00:00+00:00,1.1780999999999984,1.1791799999999983,1.1778699999999984,1.1791099999999983,9744
2026-08-21T16:00:00+00:00,1.1791099999999983,1.1795099999999983,1.1787599999999985,1.1789599999999985,6977
2026-08-21T17:00:00+00:00,1.1789599999999985,1.1790899999999984,1.1785099999999984,1.1788299999999983,4734
2026-08-21T18:00:00+00:00,1.1788299999999983,1.1791899999999984,1.1788099999999984,1.1790799999999984,3411
2026-08-21T19:00:00+00:00,1.1790799999999984,1.1791099999999983,1.1785699999999983,1.1786899999999985,3658
2026-08-21T20:00:00+00:00,1.1786899999999985,1.1787299999999983,1.1781899999999983,1.1784099999999984,2721.934508816121
2026-08-23T21:00:00+00:00,1.16721,1.16773,1.16721,1.16756,402
2026-08-23T22:00:00+00:00,1.16756,1.1679599999999999,1.16724,1.16755,1822
2026-08-23T23:00:00+00:00,1.16755,1.16823,1.16745,1.16823,1563
2026-08-24T00:00:00+00:00,1.16823,1.16871,1.1682,1.16851,6738
2026-08-24T01:00:00+00:00,1.16851,1.16863,1.16766,1.16817,6557
2026-08-24T02:00:00+00:00,1.16817,1.16847,1.16794,1.16819,4362
2026-08-24T03:00:00+00:00,1.16819,1.16821,1.1678,1.16798,4049
2026-08-24T04:00:00+00:00,1.16798,1.16827,1.16753,1.16826,4523
2026-08-24T05:00:00+00:00,1.16826,1.16829,1.1676,1.16804,4445
2026-08-24T06:00:00+00:00,1.16804,1.16806,1.1674,1.16775,8174
2026-08-24T07:00:00+00:00,1.16775,1.16804,1.16646,1.16672,9672
2026-08-24T08:00:00+00:00,1.16672,1.16684,1.16605,1.16631,9010
2026-08-24T09:00:00+00:00,1.16631,1.16669,1.16603,1.16642,5913
2026-08-24T10:00:00+00:00,1.16642,1.16669,1.16619,1.16641,5939
2026-08-24T11:00:00+00:00,1.16641,1.16735,1.16629,1.16668,9981
2026-08-24T12:00:00+00:00,1.16668,1.16737,1.16619,1.16693,11651
2026-08-24T13:00:00+00:00,1.16693,1.16747,1.16636,1.16651,11987
2026-08-24T14:00:00+00:00,1.16651,1.16718,1.1663,1.16655,11038
2026-08-24T15:00:00+00:00,1.16655,1.16723,1.16636,1.16644,9137
2026-08-24T16:00:00+00:00,1.16644,1.16695,1.16627,1.16647,7761
2026-08-24T17:00:00+00:00,1.16647,1.16665,1.16552,1.16593,7893
2026-08-24T18:00:00+00:00,1.16593,1.16653,1.16572,1.16639,5027
2026-08-24T19:00:00+00:00,1.16639,1.16639,1.16592,1.16613,3261
2026-08-24T20:00:00+00:00,1.16613,1.16643,1.16604,1.16637,2189
2026-08-24T21:00:00+00:00,1.16637,1.1665,1.16586,1.16635,811
2026-08-24T22:00:00+00:00,1.16635,1.16652,1.16635,1.16644,986
2026-08-24T23:00:00+00:00,1.16644,1.16684,1.1664,1.16678,932
2026-08-25T00:00:00+00:00,1.16678,1.16707,1.16671,1.16686,5749
2026-08-25T01:00:00+00:00,1.16686,1.16687,1.16618,1.16629,4564
2026-08-25T02:00:00+00:00,1.16629,1.16647,1.16587,1.16604,4522
2026-08-25T03:00:00+00:00,1.16604,1.16622,1.16586,1.16602,2928
2026-08-25T04:00:00+00:00,1.16602,1.16604,1.16547,1.16556,3194
2026-08-25T05:00:00+00:00,1.16556,1.16567,1.1653,1.16536,4205
2026-08-25T06:00:00+00:00,1.16536,1.1659,1.1651,1.16527,5479
2026-08-25T07:00:00+00:00,1.16527,1.16629,1.16526,1.16585,6740
2026-08-25T08:00:00+00:00,1.16585,1.16677,1.16575,1.16673,9753
2026-08-25T09:00:00+00:00,1.16673,1.16737,1.16658,1.1668,8342
2026-08-25T10:00:00+00:00,1.1668,1.16683,1.16592,1.16622,6478
2026-08-25T11:00:00+00:00,1.16622,1.16645,1.16583,1.1659400000000002,6615
2026-08-25T12:00:00+00:00,1.1659400000000002,1.16665,1.1659400000000002,1.1666400000000001,7344
2026-08-25T13:00:00+00:00,1.1666400000000001,1.16754,1.16643,1.1674,10610
2026-08-25T14:00:00+00:00,1.1674,1.16747,1.16657,1.16696,11010
2026-08-25T15:00:00+00:00,1.16696,1.16758,1.16672,1.16731,9228
2026-08-25T16:00:00+00:00,1.16731,1.16738,1.1668,1.16714,5060
2026-08-25T17:00:00+00:00,1.16714,1.16747,1.16692,1.1674200000000001,4716
2026-08-25T18:00:00+00:00,1.1674200000000001,1.1675200000000001,1.16717,1.1674200000000001,3406
2026-08-25T19:00:00+00:00,1.1674200000000001,1.16789,1.16686,1.16764,5770
2026-08-25T20:00:00+00:00,1.16764,1.16798,1.16735,1.1674200000000001,2644
2026-08-25T21:00:00+00:00,1.1674200000000001,1.1675499999999999,1.16683,1.167,867
2026-08-25T22:00:00+00:00,1.167,1.16766,1.167,1.1676199999999999,1110
2026-08-25T23:00:00+00:00,1.16766,1.16768,1.16724,1.16743,1332
2026-08-26T00:00:00+00:00,1.16743,1.16757,1.16711,1.16724,4436
2026-08-26T01:00:00+00:00,1.16724,1.1674,1.16688,1.16701,5512
2026-08-26T02:00:00+00:00,1.16701,1.16727,1.16667,1.16676,4388
2026-08-26T03:00:00+00:00,1.16676,1.16685,1.16638,1.16645,3019
2026-08-26T04:00:00+00:00,1.16645,1.16649,1.16604,1.16619,2569
2026-08-26T05:00:00+00:00,1.16619,1.16668,1.16605,1.16642,3139
2026-08-26T06:00:00+00:00,1.16642,1.16675,1.16598,1.16668,5592
2026-08-26T07:00:00+00:00,1.16668,1.1673,1.16668,1.1671,5741
2026-08-26T08:00:00+00:00,1.1671,1.16768,1.16695,1.16711,6127
2026-08-26T09:00:00+00:00,1.16711,1.16712,1.16635,1.16661,5172
2026-08-26T10:00:00+00:00,1.16661,1.16663,1.16609,1.16618,4423
2026-08-26T11:00:00+00:00,1.16618,1.16692,1.16603,1.1669,5444
2026-08-26T12:00:00+00:00,1.1669,1.16748,1.16555,1.16558,10613
2026-08-26T13:00:00+00:00,1.16558,1.16588,1.16514,1.16526,11877
2026-08-26T14:00:00+00:00,1.16526,1.16532,1.1642,1.16451,11040
2026-08-26T15:00:00+00:00,1.16451,1.16543,1.16448,1.16503,8778
2026-08-26T16:00:00+00:00,1.16503,1.16538,1.1648500000000002,1.1649,5693
2026-08-26T17:00:00+00:00,1.1649,1.16538,1.1648,1.1652200000000001,3905
2026-08-26T18:00:00+00:00,1.1652200000000001,1.1653900000000001,1.1649800000000001,1.1651,2945
2026-08-26T19:00:00+00:00,1.1651,1.16535,1.1649900000000002,1.16531,3734
2026-08-26T20:00:00+00:00,1.16531,1.16547,1.16513,1.16514,2180
2026-08-26T21:00:00+00:00,1.16514,1.16529,1.16459,1.16523,765
2026-08-26T22:00:00+00:00,1.16523,1.16556,1.16523,1.16539,1719
2026-08-26T23:00:00+00:00,1.16539,1.16561,1.16535,1.16553,1487
2026-08-27T00:00:00+00:00,1.16553,1.16582,1.16539,1.16564,4363
2026-08-27T01:00:00+00:00,1.16564,1.1659099999999998,1.16553,1.1657899999999999,5283
2026-08-27T02:00:00+00:00,1.1657899999999999,1.1659499999999998,1.16546,1.1655699999999998,2902
2026-08-27T03:00:00+00:00,1.1655699999999998,1.16563,1.1653499999999999,1.1654299999999997,2719
2026-08-27T04:00:00+00:00,1.1654299999999997,1.16559,1.1654099999999998,1.16556,2374
2026-08-27T05:00:00+00:00,1.16556,1.1657699999999998,1.1651699999999998,1.1654399999999998,3448
2026-08-27T06:00:00+00:00,1.1654399999999998,1.1655799999999998,1.16519,1.1653399999999998,4927
2026-08-27T07:00:00+00:00,1.1653399999999998,1.16563,1.1651699999999998,1.16549,6764
2026-08-27T08:00:00+00:00,1.16549,1.1658,1.1647699999999999,1.1648299999999998,6908
2026-08-27T09:00:00+00:00,1.1648299999999998,1.16485,1.1640499999999998,1.1640799999999998,6635
2026-08-27T10:00:00+00:00,1.1640799999999998,1.1648199999999997,1.1638499999999998,1.16397,6681
2026-08-27T11:00:00+00:00,1.16397,1.1644299999999999,1.16366,1.1641099999999998,6466
2026-08-27T12:00:00+00:00,1.1641099999999998,1.16458,1.16397,1.1641099999999998,8287
2026-08-27T13:00:00+00:00,1.1641099999999998,1.166,1.164,1.1653999999999998,11630
2026-08-27T14:00:00+00:00,1.1653999999999998,1.1657899999999999,1.1644599999999998,1.1644799999999997,11824
2026-08-27T15:00:00+00:00,1.1644799999999997,1.1654399999999998,1.1644499999999998,1.1653399999999998,7455
2026-08-27T16:00:00+00:00,1.1653399999999998,1.1654499999999999,1.1649399999999999,1.16522,4677
2026-08-27T17:00:00+00:00,1.16522,1.1653999999999998,1.1646899999999998,1.1648999999999998,4666
2026-08-27T18:00:00+00:00,1.1648999999999998,1.1650099999999999,1.1645999999999999,1.1648999999999998,3727
2026-08-27T19:00:00+00:00,1.1648999999999998,1.16505,1.1647399999999999,1.1649399999999999,3187
2026-08-27T20:00:00+00:00,1.1649399999999999,1.16525,1.1649199999999997,1.16516,1342
2026-08-27T21:00:00+00:00,1.16516,1.16543,1.16468,1.16488,816
2026-08-27T22:00:00+00:00,1.16488,1.16542,1.16488,1.16531,1275
2026-08-27T23:00:00+00:00,1.16531,1.16547,1.16521,1.16534,1172
2026-08-28T00:00:00+00:00,1.16534,1.16542,1.16505,1.16531,3701
2026-08-28T01:00:00+00:00,1.16531,1.16553,1.16494,1.16496,3986
2026-08-28T02:00:00+00:00,1.16496,1.16506,1.16462,1.16506,3304
2026-08-28T03:00:00+00:00,1.16506,1.16513,1.16456,1.16464,2260
2026-08-28T04:00:00+00:00,1.16464,1.16466,1.16448,1.16455,2121
2026-08-28T05:00:00+00:00,1.16455,1.16457,1.16426,1.16443,2882
2026-08-28T06:00:00+00:00,1.16443,1.16492,1.1643,1.16482,6148
2026-08-28T07:00:00+00:00,1.16482,1.16487,1.16416,1.16463,6188
2026-08-28T08:00:00+00:00,1.16463,1.16488,1.16417,1.16443,5191
2026-08-28T09:00:00+00:00,1.16443,1.1645,1.16395,1.16397,5096
2026-08-28T10:00:00+00:00,1.16397,1.16492,1.16392,1.1649,5094
2026-08-28T11:00:00+00:00,1.1649,1.16494,1.16446,1.16451,5653
2026-08-28T12:00:00+00:00,1.16451,1.16502,1.16393,1.16489,7063
2026-08-28T13:00:00+00:00,1.16489,1.16498,1.1637,1.16381,8398
2026-08-28T14:00:00+00:00,1.16381,1.16581,1.15945,1.16174,37857
2026-08-28T15:00:00+00:00,1.16174,1.16205,1.15962,1.15976,16151
2026-08-28T16:00:00+00:00,1.15976,1.15981,1.15847,1.15869,11963
2026-08-28T17:00:00+00:00,1.15869,1.1589,1.15777,1.15807,7159
2026-08-28T18:00:00+00:00,1.15807,1.15846,1.15777,1.15803,6122
2026-08-28T19:00:00+00:00,1.15803,1.15876,1.15796,1.15857,5084
2026-08-28T20:00:00+00:00,1.15857,1.15865,1.15779,1.15781,2570
2026-08-30T21:00:00+00:00,1.15778,1.15801,1.15744,1.15762,512
2026-08-30T22:00:00+00:00,1.15762,1.1585,1.15762,1.15841,1676
2026-08-30T23:00:00+00:00,1.15841,1.15893,1.15834,1.15886,2298
2026-08-31T00:00:00+00:00,1.15886,1.15937,1.15855,1.15923,6525
2026-08-31T01:00:00+00:00,1.15923,1.15944,1.15871,1.15905,7457
2026-08-31T02:00:00+00:00,1.15905,1.15927,1.15881,1.15924,5254
2026-08-31T03:00:00+00:00,1.15924,1.15936,1.15893,1.15913,3006
2026-08-31T04:00:00+00:00,1.15913,1.15927,1.15885,1.15909,3489
2026-08-31T05:00:00+00:00,1.15909,1.15913,1.15872,1.15903,4101
2026-08-31T06:00:00+00:00,1.15903,1.15913,1.15846,1.15887,5524
2026-08-31T07:00:00+00:00,1.15887,1.16032,1.15846,1.16025,8730
2026-08-31T08:00:00+00:00,1.16025,1.16059,1.15931,1.15941,8507
2026-08-31T09:00:00+00:00,1.15941,1.16009,1.15941,1.15991,5564
2026-08-31T10:00:00+00:00,1.15991,1.16021,1.15966,1.15972,5233
2026-08-31T11:00:00+00:00,1.15972,1.16029,1.15955,1.15963,6390
2026-08-31T12:00:00+00:00,1.15963,1.16,1.15915,1.15951,10087
2026-08-31T13:00:00+00:00,1.15951,1.1601,1.15936,1.1599599999999999,9487
2026-08-31T14:00:00+00:00,1.1599599999999999,1.16181,1.15951,1.1614,13678
2026-08-31T15:00:00+00:00,1.1614,1.16207,1.16122,1.16164,9332
2026-08-31T16:00:00+00:00,1.16164,1.16177,1.16137,1.16165,4973
2026-08-31T17:00:00+00:00,1.16165,1.16178,1.16145,1.16153,3552
2026-08-31T18:00:00+00:00,1.16153,1.16175,1.16145,1.16155,3741
2026-08-31T19:00:00+00:00,1.16155,1.16183,1.16145,1.16163,4138
2026-08-31T20:00:00+00:00,1.16163,1.16178,1.16142,1.1617,2498
2026-08-31T21:00:00+00:00,1.1617,1.16182,1.1614,1.16174,448
2026-08-31T22:00:00+00:00,1.16174,1.16193,1.16141,1.16147,1004
2026-08-31T23:00:00+00:00,1.16147,1.16182,1.16124,1.16182,1817
2026-09-01T00:00:00+00:00,1.16182,1.16244,1.16156,1.1618,6043
2026-09-01T01:00:00+00:00,1.1618,1.16188,1.16073,1.161,5602
2026-09-01T02:00:00+00:00,1.161,1.16105,1.1606,1.161,3871
2026-09-01T03:00:00+00:00,1.161,1.161,1.16055,1.16055,3398
2026-09-01T04:00:00+00:00,1.16055,1.16068,1.16027,1.16058,2569
2026-09-01T05:00:00+00:00,1.16058,1.16099,1.16055,1.16083,4090
2026-09-01T06:00:00+00:00,1.16083,1.16087,1.16003,1.1605,6208
2026-09-01T07:00:00+00:00,1.1605,1.16069,1.15918,1.1595199999999999,7388
2026-09-01T08:00:00+00:00,1.1595199999999999,1.15975,1.15878,1.1594,9563
2026-09-01T09:00:00+00:00,1.1594,1.16012,1.15925,1.15931,7531
2026-09-01T10:00:00+00:00,1.15931,1.15957,1.15899,1.15921,5956
2026-09-01T11:00:00+00:00,1.15921,1.1596,1.15897,1.15926,6545
2026-09-01T12:00:00+00:00,1.15926,1.15945,1.15881,1.1593,7205
2026-09-01T13:00:00+00:00,1.1593,1.16019,1.1589099999999999,1.16008,8265
2026-09-01T14:00:00+00:00,1.16008,1.16081,1.15945,1.15963,11158
2026-09-01T15:00:00+00:00,1.15963,1.15987,1.1589,1.15921,8065
2026-09-01T16:00:00+00:00,1.15921,1.15932,1.1584699999999999,1.15856,7794
2026-09-01T17:00:00+00:00,1.15856,1.15955,1.15849,1.1587399999999999,5578
2026-09-01T18:00:00+00:00,1.1587399999999999,1.1590799999999999,1.15853,1.15902,4478
2026-09-01T19:00:00+00:00,1.15902,1.15929,1.15881,1.15898,4028
2026-09-01T20:00:00+00:00,1.15898,1.1593,1.15873,1.15925,2153
2026-09-01T21:00:00+00:00,1.15925,1.15925,1.15868,1.15911,959
2026-09-01T22:00:00+00:00,1.15911,1.1596,1.15911,1.15925,1347
2026-09-01T23:00:00+00:00,1.15925,1.15931,1.15903,1.15903,1159
2026-09-02T00:00:00+00:00,1.15903,1.15917,1.15832,1.15832,6406
2026-09-02T01:00:00+00:00,1.15832,1.15843,1.15768,1.15789,5534
2026-09-02T02:00:00+00:00,1.15789,1.1582999999999999,1.1576,1.15816,5157
2026-09-02T03:00:00+00:00,1.15816,1.15825,1.15779,1.15798,3144
2026-09-02T04:00:00+00:00,1.15798,1.15798,1.1574,1.15757,3864
2026-09-02T05:00:00+00:00,1.15757,1.15818,1.15736,1.158,5396
2026-09-02T06:00:00+00:00,1.158,1.15849,1.15673,1.15676,9326
2026-09-02T07:00:00+00:00,1.15676,1.15789,1.15662,1.15777,7657
2026-09-02T08:00:00+00:00,1.15777,1.15821,1.15726,1.15733,7234
2026-09-02T09:00:00+00:00,1.15733,1.15778,1.15706,1.15713,6612
2026-09-02T10:00:00+00:00,1.15713,1.15727,1.15668,1.15725,6007
2026-09-02T11:00:00+00:00,1.15725,1.15792,1.15709,1.15772,8631
2026-09-02T12:00:00+00:00,1.15772,1.15853,1.15756,1.15782,12387
2026-09-02T13:00:00+00:00,1.15782,1.1609099999999999,1.15779,1.16043,19165
2026-09-02T14:00:00+00:00,1.16043,1.16043,1.15885,1.15933,16628
2026-09-02T15:00:00+00:00,1.15933,1.1597,1.1589,1.15919,9894
2026-09-02T16:00:00+00:00,1.15919,1.1594,1.15871,1.15871,5987
2026-09-02T17:00:00+00:00,1.15871,1.15898,1.15834,1.15866,5726
2026-09-02T18:00:00+00:00,1.15866,1.15896,1.15843,1.15857,4331
2026-09-02T19:00:00+00:00,1.15857,1.15876,1.15826,1.15872,3624
2026-09-02T20:00:00+00:00,1.15872,1.159,1.15871,1.15881,2512
2026-09-02T21:00:00+00:00,1.15881,1.15881,1.15852,1.15859,803
2026-09-02T22:00:00+00:00,1.15859,1.15897,1.15856,1.15868,1323
2026-09-02T23:00:00+00:00,1.15868,1.1587399999999999,1.15843,1.1585,1590
2026-09-03T00:00:00+00:00,1.1585,1.1590799999999999,1.15834,1.15894,5456
2026-09-03T01:00:00+00:00,1.15894,1.15934,1.15849,1.15861,6250
2026-09-03T02:00:00+00:00,1.15861,1.15948,1.15852,1.1591,7744
2026-09-03T03:00:00+00:00,1.1591,1.15978,1.1591,1.15966,5105
2026-09-03T04:00:00+00:00,1.15966,1.16002,1.15945,1.15955,3922
2026-09-03T05:00:00+00:00,1.15955,1.16004,1.15935,1.16,5784
2026-09-03T06:00:00+00:00,1.16,1.16082,1.15961,1.16044,11913
2026-09-03T07:00:00+00:00,1.16044,1.16146,1.16018,1.16039,14243
2026-09-03T08:00:00+00:00,1.16039,1.16115,1.15996,1.16089,10711
2026-09-03T09:00:00+00:00,1.16089,1.16123,1.16012,1.16057,9588
2026-09-03T10:00:00+00:00,1.16057,1.1607,1.15978,1.16039,7818
2026-09-03T11:00:00+00:00,1.16039,1.16145,1.16018,1.16125,9846
2026-09-03T12:00:00+00:00,1.16125,1.16301,1.16083,1.16256,18465
2026-09-03T13:00:00+00:00,1.16256,1.16286,1.16172,1.16268,17566
2026-09-03T14:00:00+00:00,1.16268,1.16275,1.16133,1.16183,16203
2026-09-03T15:00:00+00:00,1.16183,1.16275,1.16173,1.16228,12490
2026-09-03T16:00:00+00:00,1.16228,1.16412,1.16212,1.16367,7844
2026-09-03T17:00:00+00:00,1.16367,1.16385,1.16326,1.16326,5029
2026-09-03T18:00:00+00:00,1.16326,1.16365,1.16316,1.16346,4494
2026-09-03T19:00:00+00:00,1.16346,1.16348,1.16252,1.16286,5467
2026-09-03T20:00:00+00:00,1.16286,1.163,1.16248,1.16257,2182
2026-09-03T21:00:00+00:00,1.16257,1.16257,1.16217,1.16228,481
2026-09-03T22:00:00+00:00,1.16228,1.16272,1.16226,1.16229,1485
2026-09-03T23:00:00+00:00,1.16229,1.16283,1.16227,1.16278,2476
2026-09-04T00:00:00+00:00,1.16278,1.16312,1.1625,1.16277,7170
2026-09-04T01:00:00+00:00,1.16277,1.16315,1.1627,1.16299,6489
2026-09-04T02:00:00+00:00,1.16299,1.16331,1.1626,1.16274,4498
2026-09-04T03:00:00+00:00,1.16274,1.16285,1.16222,1.16227,4514
2026-09-04T04:00:00+00:00,1.16227,1.16276,1.16226,1.16265,4239
2026-09-04T05:00:00+00:00,1.16265,1.16287,1.16246,1.16279,3542
2026-09-04T06:00:00+00:00,1.16279,1.16302,1.16269,1.16271,6315
2026-09-04T07:00:00+00:00,1.16271,1.16298,1.1621,1.16225,6994
2026-09-04T08:00:00+00:00,1.16225,1.16254,1.16187,1.16251,5569
2026-09-04T09:00:00+00:00,1.16251,1.16251,1.16161,1.16171,6478
2026-09-04T10:00:00+00:00,1.16171,1.16232,1.16167,1.16207,5849
2026-09-04T11:00:00+00:00,1.16207,1.16237,1.16194,1.16205,5031
2026-09-04T12:00:00+00:00,1.16205,1.16266,1.15845,1.16016,27057
2026-09-04T13:00:00+00:00,1.16016,1.1623,1.15963,1.16102,20238
2026-09-04T14:00:00+00:00,1.16102,1.16216,1.16086,1.16154,16082
2026-09-04T15:00:00+00:00,1.16154,1.16231,1.16124,1.16176,10366
2026-09-04T16:00:00+00:00,1.16176,1.16246,1.16175,1.16206,5890
2026-09-04T17:00:00+00:00,1.16206,1.16206,1.1612,1.16125,5559
2026-09-04T18:00:00+00:00,1.16125,1.16134,1.16085,1.16106,4281
2026-09-04T19:00:00+00:00,1.16106,1.16157,1.16101,1.16146,2959
2026-09-04T20:00:00+00:00,1.16146,1.16153,1.16116,1.1613,1601
2026-09-06T21:00:00+00:00,1.16125,1.16125,1.16038,1.16063,473
2026-09-06T22:00:00+00:00,1.16063,1.1613499999999999,1.16061,1.16127,944
2026-09-06T23:00:00+00:00,1.16127,1.16159,1.16127,1.1613,1693
2026-09-07T00:00:00+00:00,1.1613,1.16201,1.16125,1.16184,5532
2026-09-07T01:00:00+00:00,1.16184,1.16186,1.16131,1.16135,5581
2026-09-07T02:00:00+00:00,1.16135,1.16138,1.16073,1.16091,3547
2026-09-07T03:00:00+00:00,1.16091,1.1612,1.16083,1.16115,3243
2026-09-07T04:00:00+00:00,1.16115,1.16119,1.16083,1.16113,3332
2026-09-07T05:00:00+00:00,1.16113,1.16143,1.1609,1.16142,3584
2026-09-07T06:00:00+00:00,1.16142,1.16193,1.16103,1.16146,6464
2026-09-07T07:00:00+00:00,1.16146,1.16238,1.16113,1.16235,7721
2026-09-07T08:00:00+00:00,1.16235,1.16358,1.16209,1.1621,13077
2026-09-07T09:00:00+00:00,1.1621,1.16259,1.16195,1.16203,5959
2026-09-07T10:00:00+00:00,1.16203,1.16267,1.16197,1.16244,4977
2026-09-07T11:00:00+00:00,1.16244,1.16256,1.16218,1.1623,5374
2026-09-07T12:00:00+00:00,1.1623,1.16283,1.16208,1.16249,6339
2026-09-07T13:00:00+00:00,1.16249,1.16295,1.16239,1.1629,5664
2026-09-07T14:00:00+00:00,1.1629,1.16329,1.1627,1.16311,6473
2026-09-07T15:00:00+00:00,1.16311,1.16319,1.16263,1.16277,3789
2026-09-07T16:00:00+00:00,1.16277,1.16298,1.16258,1.16286,1702
2026-09-07T17:00:00+00:00,1.16286,1.16286,1.16244,1.16255,1499
2026-09-07T18:00:00+00:00,1.16255,1.16257,1.16227,1.16235,970
2026-09-07T19:00:00+00:00,1.16235,1.16235,1.1621,1.16222,832
2026-09-07T20:00:00+00:00,1.16222,1.1623,1.16214,1.16224,935
2026-09-07T21:00:00+00:00,1.16224,1.1623,1.16199,1.16224,414
2026-09-07T22:00:00+00:00,1.16224,1.16262,1.16224,1.16253,1274
2026-09-07T23:00:00+00:00,1.16253,1.163,1.16251,1.16278,3556
2026-09-08T00:00:00+00:00,1.16278,1.16312,1.1624,1.16264,7523
2026-09-08T01:00:00+00:00,1.16264,1.16333,1.16257,1.16333,5367
2026-09-08T02:00:00+00:00,1.16333,1.16347,1.16235,1.16238,6474
2026-09-08T03:00:00+00:00,1.16238,1.16273,1.16228,1.16243,3116
2026-09-08T04:00:00+00:00,1.16243,1.16256,1.16223,1.16248,3329
2026-09-08T05:00:00+00:00,1.16248,1.16309,1.16233,1.16306,4193
2026-09-08T06:00:00+00:00,1.16306,1.16358,1.16207,1.16207,7724
2026-09-08T07:00:00+00:00,1.16207,1.16232,1.16097,1.16127,7851
2026-09-08T08:00:00+00:00,1.16127,1.16163,1.16084,1.16104,9252
2026-09-08T09:00:00+00:00,1.16104,1.16163,1.1609,1.1614,7887
2026-09-08T10:00:00+00:00,1.1614,1.16163,1.16088,1.16124,5787
2026-09-08T11:00:00+00:00,1.16124,1.16189,1.16078,1.16134,7481
2026-09-08T12:00:00+00:00,1.16134,1.16202,1.16107,1.16202,9453
2026-09-08T13:00:00+00:00,1.16202,1.16275,1.16188,1.1622,10320
2026-09-08T14:00:00+00:00,1.1622,1.16312,1.16189,1.1631,9924
2026-09-08T15:00:00+00:00,1.1631,1.16338,1.16263,1.16263,7306
2026-09-08T16:00:00+00:00,1.16263,1.16266,1.16206,1.16235,5352
2026-09-08T17:00:00+00:00,1.16235,1.16273,1.16234,1.16262,3543
2026-09-08T18:00:00+00:00,1.16262,1.16305,1.1622,1.16287,7050
2026-09-08T19:00:00+00:00,1.16287,1.16304,1.16224,1.16231,4700
2026-09-08T20:00:00+00:00,1.16231,1.16253,1.16217,1.1624,1734
2026-09-08T21:00:00+00:00,1.1624,1.16263,1.16208,1.16247,1008
2026-09-08T22:00:00+00:00,1.16247,1.16276,1.16245,1.16254,1084
2026-09-08T23:00:00+00:00,1.16254,1.16289,1.1625,1.16277,1607
2026-09-09T00:00:00+00:00,1.16277,1.16324,1.16277,1.16324,4956
2026-09-09T01:00:00+00:00,1.16324,1.16324,1.16275,1.16312,4371
2026-09-09T02:00:00+00:00,1.16312,1.16318,1.1628,1.16309,3436
2026-09-09T03:00:00+00:00,1.16309,1.16321,1.1629,1.16301,3274
2026-09-09T04:00:00+00:00,1.16301,1.16333,1.16297,1.16329,2912
2026-09-09T05:00:00+00:00,1.16329,1.16368,1.16319,1.16342,3978
2026-09-09T06:00:00+00:00,1.16342,1.16448,1.16342,1.16381,6808
2026-09-09T07:00:00+00:00,1.16381,1.16491,1.16372,1.16427,8424
2026-09-09T08:00:00+00:00,1.16427,1.16431,1.16325,1.16328,7981
2026-09-09T09:00:00+00:00,1.16328,1.16346,1.16223,1.16235,6756
2026-09-09T10:00:00+00:00,1.16235,1.16333,1.16218,1.16303,6510
2026-09-09T11:00:00+00:00,1.16303,1.16486,1.16301,1.16457,9471
2026-09-09T12:00:00+00:00,1.16457,1.16541,1.16426,1.16465,9341
2026-09-09T13:00:00+00:00,1.16465,1.16498,1.16448,1.16474,8479
2026-09-09T14:00:00+00:00,1.16474,1.16529,1.16444,1.1648,10347
2026-09-09T15:00:00+00:00,1.1648,1.16514,1.16201,1.16271,18666
2026-09-09T16:00:00+00:00,1.16271,1.16396,1.16269,1.16359,7582
2026-09-09T17:00:00+00:00,1.16359,1.16411,1.16351,1.16382,5436
2026-09-09T18:00:00+00:00,1.16382,1.16396,1.1628,1.16294,3802
2026-09-09T19:00:00+00:00,1.16294,1.16316,1.16257,1.1631,3707
2026-09-09T20:00:00+00:00,1.1631,1.16336,1.16277,1.16332,1781
2026-09-09T21:00:00+00:00,1.16332,1.16358,1.16286,1.16338,862
2026-09-09T22:00:00+00:00,1.16338,1.16385,1.16333,1.16374,1208
2026-09-09T23:00:00+00:00,1.16374,1.1638,1.16326,1.16337,1402
2026-09-10T00:00:00+00:00,1.16337,1.16345,1.16294,1.1631,4782
2026-09-10T01:00:00+00:00,1.1631,1.164,1.16306,1.16396,5466
2026-09-10T02:00:00+00:00,1.16396,1.1641,1.16341,1.16398,4042
2026-09-10T03:00:00+00:00,1.16398,1.16401,1.16362,1.16386,2874
2026-09-10T04:00:00+00:00,1.16386,1.16403,1.16363,1.16368,2828
2026-09-10T05:00:00+00:00,1.16368,1.16402,1.16368,1.16402,4018
2026-09-10T06:00:00+00:00,1.16402,1.16402,1.16365,1.16398,4579
2026-09-10T07:00:00+00:00,1.16398,1.16417,1.16356,1.16398,5242
2026-09-10T08:00:00+00:00,1.16398,1.16399,1.16343,1.16379,5636
2026-09-10T09:00:00+00:00,1.16379,1.16403,1.16312,1.16347,5695
2026-09-10T10:00:00+00:00,1.16347,1.1638,1.16233,1.16276,7498
2026-09-10T11:00:00+00:00,1.16276,1.16285,1.16151,1.16171,7227
2026-09-10T12:00:00+00:00,1.16171,1.16274,1.15923,1.16045,21744
2026-09-10T13:00:00+00:00,1.16045,1.16189,1.15975,1.16112,19733
2026-09-10T14:00:00+00:00,1.16112,1.16295,1.16111,1.16293,16379
2026-09-10T15:00:00+00:00,1.16293,1.16312,1.16242,1.16279,11299
2026-09-10T16:00:00+00:00,1.16279,1.16287,1.16185,1.16194,7230
2026-09-10T17:00:00+00:00,1.16194,1.1623,1.16165,1.16193,6106
2026-09-10T18:00:00+00:00,1.16193,1.16195,1.16126,1.16137,6950
2026-09-10T19:00:00+00:00,1.16137,1.16137,1.16089,1.16102,5056
2026-09-10T20:00:00+00:00,1.16102,1.16118,1.16053,1.16114,2992
2026-09-10T21:00:00+00:00,1.16114,1.16114,1.16054,1.16083,971
2026-09-10T22:00:00+00:00,1.16083,1.16114,1.16067,1.16101,1590
2026-09-10T23:00:00+00:00,1.16101,1.16111,1.16081,1.1611,2315
2026-09-11T00:00:00+00:00,1.1611,1.16153,1.16108,1.16151,5522
2026-09-11T01:00:00+00:00,1.16151,1.16174,1.16109,1.16124,5537
2026-09-11T02:00:00+00:00,1.16124,1.16126,1.16054,1.16073,4540
2026-09-11T03:00:00+00:00,1.16073,1.16077,1.15996,1.16015,4152
2026-09-11T04:00:00+00:00,1.16015,1.1608,1.16002,1.16044,4586
2026-09-11T05:00:00+00:00,1.16044,1.16137,1.16043,1.16098,6349
2026-09-11T06:00:00+00:00,1.16098,1.16137,1.16089,1.16099,7629
2026-09-11T07:00:00+00:00,1.16099,1.16111,1.16014,1.16055,6929
2026-09-11T08:00:00+00:00,1.16055,1.16079,1.15982,1.1599,8111
2026-09-11T09:00:00+00:00,1.1599,1.16022,1.1595,1.15961,6429
2026-09-11T10:00:00+00:00,1.15961,1.15993,1.159,1.15921,6533
2026-09-11T11:00:00+00:00,1.15921,1.15956,1.15906,1.15914,6538
2026-09-11T12:00:00+00:00,1.15914,1.16037,1.15691,1.16029,22649
2026-09-11T13:00:00+00:00,1.16029,1.16134,1.15984,1.16121,21492
2026-09-11T14:00:00+00:00,1.16121,1.16151,1.16057,1.1614,16746
2026-09-11T15:00:00+00:00,1.1614,1.16153,1.16002,1.16034,9884
2026-09-11T16:00:00+00:00,1.16034,1.16073,1.15984,1.15996,7392
2026-09-11T17:00:00+00:00,1.15996,1.16007,1.1596,1.15982,5860
2026-09-11T18:00:00+00:00,1.15982,1.15996,1.15916,1.15956,5019
2026-09-11T19:00:00+00:00,1.15956,1.15976,1.15932,1.15959,4403
2026-09-11T20:00:00+00:00,1.15959,1.15978,1.15916,1.15978,2263
2026-09-13T21:00:00+00:00,1.15953,1.15953,1.15912,1.15917,1846
2026-09-13T22:00:00+00:00,1.15917,1.15981,1.15894,1.15907,2857
2026-09-13T23:00:00+00:00,1.15907,1.15941,1.15894,1.15932,2907
2026-09-14T00:00:00+00:00,1.15932,1.15956,1.15848,1.15877,6983
2026-09-14T01:00:00+00:00,1.15877,1.15886,1.15834,1.15859,6952
2026-09-14T02:00:00+00:00,1.15859,1.15884,1.15812,1.15816,4411
2026-09-14T03:00:00+00:00,1.15816,1.15817,1.1569,1.15703,5004
2026-09-14T04:00:00+00:00,1.15703,1.15707,1.15622,1.15655,4094
2026-09-14T05:00:00+00:00,1.15655,1.15705,1.15635,1.15698,4374
2026-09-14T06:00:00+00:00,1.15698,1.15703,1.15508,1.15526,10906
2026-09-14T07:00:00+00:00,1.15526,1.15578,1.15426,1.15444,9295
2026-09-14T08:00:00+00:00,1.15444,1.15447,1.15343,1.15379,9527
2026-09-14T09:00:00+00:00,1.15379,1.15454,1.15352,1.15417,9097
2026-09-14T10:00:00+00:00,1.15417,1.15419,1.15369,1.15402,7084
2026-09-14T11:00:00+00:00,1.15402,1.15497,1.15402,1.15478,6559
2026-09-14T12:00:00+00:00,1.15478,1.1552,1.15295,1.15323,11718
2026-09-14T13:00:00+00:00,1.15323,1.15373,1.15231,1.15253,10847
2026-09-14T14:00:00+00:00,1.15253,1.15427,1.15236,1.15371,13872
2026-09-14T15:00:00+00:00,1.15371,1.155,1.15358,1.15481,17391
2026-09-14T16:00:00+00:00,1.15481,1.15634,1.15478,1.15602,14974
2026-09-14T17:00:00+00:00,1.15602,1.15613,1.15543,1.15561,6025
2026-09-14T18:00:00+00:00,1.15561,1.15592,1.15548,1.15569,7455
2026-09-14T19:00:00+00:00,1.15569,1.15576,1.15468,1.15472,11251
2026-09-14T20:00:00+00:00,1.15472,1.15505,1.15444,1.15484,3693
2026-09-14T21:00:00+00:00,1.15484,1.1551,1.15443,1.1548,1047
2026-09-14T22:00:00+00:00,1.1548,1.15518,1.1548,1.15515,1157
2026-09-14T23:00:00+00:00,1.15515,1.15518,1.15466,1.15478,1835
2026-09-15T00:00:00+00:00,1.15478,1.15482,1.1543,1.15434,4843
2026-09-15T01:00:00+00:00,1.15434,1.15438,1.15372,1.15381,4175
2026-09-15T02:00:00+00:00,1.15381,1.15409,1.15354,1.15403,3705
2026-09-15T03:00:00+00:00,1.15403,1.15408,1.15371,1.15374,3328
2026-09-15T04:00:00+00:00,1.15374,1.15383,1.15345,1.15367,3398
2026-09-15T05:00:00+00:00,1.15367,1.1538,1.15335,1.15352,3864
2026-09-15T06:00:00+00:00,1.15352,1.1536,1.15271,1.15339,5658
2026-09-15T07:00:00+00:00,1.15339,1.15409,1.15321,1.15405,7341
2026-09-15T08:00:00+00:00,1.15405,1.15406,1.15322,1.15329,8702
2026-09-15T09:00:00+00:00,1.15329,1.15386,1.15323,1.15373,6323
2026-09-15T10:00:00+00:00,1.15373,1.15399,1.15344,1.15349,4487
2026-09-15T11:00:00+00:00,1.15349,1.15427,1.15341,1.15395,5638
2026-09-15T12:00:00+00:00,1.15395,1.15495,1.15382,1.15464,9161
2026-09-15T13:00:00+00:00,1.15464,1.15514,1.15392,1.15492,9694
2026-09-15T14:00:00+00:00,1.15492,1.15521,1.15404,1.1543,11667
2026-09-15T15:00:00+00:00,1.1543,1.15463,1.15388,1.15416,9301
2026-09-15T16:00:00+00:00,1.15416,1.15432,1.1539,1.15429,5549
2026-09-15T17:00:00+00:00,1.15429,1.15436,1.15367,1.15374,4468
2026-09-15T18:00:00+00:00,1.15374,1.15435,1.15363,1.15427,4397
2026-09-15T19:00:00+00:00,1.15427,1.1543,1.15401,1.15407,3537
2026-09-15T20:00:00+00:00,1.15407,1.15425,1.15384,1.15425,2326
2026-09-15T21:00:00+00:00,1.15425,1.15425,1.15328,1.15388,2909
2026-09-15T22:00:00+00:00,1.15388,1.15447,1.15388,1.15388,1379
2026-09-15T23:00:00+00:00,1.15388,1.1539,1.15342,1.15365,2031
2026-09-16T00:00:00+00:00,1.15365,1.1539,1.15337,1.15352,4750
2026-09-16T01:00:00+00:00,1.15352,1.15361,1.15318,1.15325,3754
2026-09-16T02:00:00+00:00,1.15325,1.15424,1.15322,1.15422,4236
2026-09-16T03:00:00+00:00,1.15422,1.15437,1.15399,1.15414,3264
2026-09-16T04:00:00+00:00,1.15414,1.15459,1.1541299999999999,1.15446,3259
2026-09-16T05:00:00+00:00,1.15446,1.15516,1.15434,1.15496,3765
2026-09-16T06:00:00+00:00,1.15496,1.15509,1.15442,1.15472,6173
2026-09-16T07:00:00+00:00,1.15472,1.15565,1.15463,1.15478,7344
2026-09-16T08:00:00+00:00,1.15478,1.15497,1.15382,1.15395,8202
2026-09-16T09:00:00+00:00,1.15395,1.1544,1.15377,1.15388,6679
2026-09-16T10:00:00+00:00,1.15388,1.15401,1.15342,1.15375,4940
2026-09-16T11:00:00+00:00,1.15375,1.15405,1.1530799999999999,1.15348,7744
2026-09-16T12:00:00+00:00,1.15348,1.1538599999999999,1.15271,1.15356,6818
2026-09-16T13:00:00+00:00,1.15356,1.15387,1.15315,1.1532,7885
2026-09-16T14:00:00+00:00,1.1532,1.15412,1.15309,1.15389,8013
2026-09-16T15:00:00+00:00,1.15389,1.15427,1.15346,1.15375,8978
2026-09-16T16:00:00+00:00,1.15375,1.15384,1.15341,1.15345,4641
2026-09-16T17:00:00+00:00,1.15345,1.15388,1.15303,1.1537,4649
2026-09-16T18:00:00+00:00,1.1537,1.15465,1.14699,1.14703,40888
2026-09-16T19:00:00+00:00,1.14703,1.14822,1.14623,1.14718,21732
2026-09-16T20:00:00+00:00,1.14718,1.14735,1.14608,1.14645,5312
2026-09-16T21:00:00+00:00,1.14645,1.14645,1.1454,1.14621,1653
2026-09-16T22:00:00+00:00,1.14621,1.14685,1.14613,1.14666,2198
2026-09-16T23:00:00+00:00,1.14666,1.14712,1.14654,1.14683,3260
2026-09-17T00:00:00+00:00,1.14683,1.1473,1.14591,1.14592,6177
2026-09-17T01:00:00+00:00,1.14592,1.14648,1.14574,1.14585,6523
2026-09-17T02:00:00+00:00,1.14585,1.14628,1.1456,1.14579,4660
2026-09-17T03:00:00+00:00,1.14579,1.14614,1.14572,1.14599,4061
2026-09-17T04:00:00+00:00,1.14599,1.14667,1.14593,1.1466399999999999,2926
2026-09-17T05:00:00+00:00,1.1466399999999999,1.14682,1.14632,1.14666,4872
2026-09-17T06:00:00+00:00,1.14666,1.14835,1.14655,1.14798,7084
2026-09-17T07:00:00+00:00,1.14798,1.14814,1.14701,1.14735,7429
2026-09-17T08:00:00+00:00,1.14735,1.14736,1.14673,1.1472499999999999,6407
2026-09-17T09:00:00+00:00,1.1472499999999999,1.14781,1.14716,1.14724,6510
2026-09-17T10:00:00+00:00,1.14724,1.14807,1.14724,1.14784,5953
2026-09-17T11:00:00+00:00,1.14784,1.1479,1.1468099999999999,1.14734,10630
2026-09-17T12:00:00+00:00,1.14734,1.14957,1.14719,1.14913,13819
2026-09-17T13:00:00+00:00,1.14913,1.14929,1.14849,1.14887,11943
2026-09-17T14:00:00+00:00,1.14887,1.14977,1.14851,1.14861,12290
2026-09-17T15:00:00+00:00,1.14861,1.14878,1.14755,1.14782,9269
2026-09-17T16:00:00+00:00,1.14782,1.14797,1.1474,1.1476,6410
2026-09-17T17:00:00+00:00,1.1476,1.14774,1.14738,1.14771,4354
2026-09-17T18:00:00+00:00,1.14771,1.14778,1.14733,1.14748,3818
2026-09-17T19:00:00+00:00,1.14748,1.1481,1.14747,1.14788,4543
2026-09-17T20:00:00+00:00,1.14788,1.14796,1.14734,1.14757,2245
2026-09-17T21:00:00+00:00,1.14757,1.14771,1.14722,1.14763,993
2026-09-17T22:00:00+00:00,1.14763,1.14784,1.14749,1.14778,1098
2026-09-17T23:00:00+00:00,1.14778,1.14785,1.1475,1.14756,1941
2026-09-18T00:00:00+00:00,1.14756,1.14804,1.1474199999999999,1.14794,4596
2026-09-18T01:00:00+00:00,1.14794,1.14824,1.14768,1.14823,4912
2026-09-18T02:00:00+00:00,1.14823,1.14824,1.14765,1.14798,4017
2026-09-18T03:00:00+00:00,1.14798,1.14887,1.14789,1.14887,5734
2026-09-18T04:00:00+00:00,1.14887,1.14917,1.1486399999999999,1.14866,3934
2026-09-18T05:00:00+00:00,1.14866,1.14876,1.14785,1.14787,4495
2026-09-18T06:00:00+00:00,1.14787,1.14846,1.1478,1.14834,9009
2026-09-18T07:00:00+00:00,1.14834,1.14874,1.14779,1.14855,9143
2026-09-18T08:00:00+00:00,1.14855,1.14907,1.14777,1.14826,9001
2026-09-18T09:00:00+00:00,1.14826,1.14868,1.14809,1.14833,6768
2026-09-18T10:00:00+00:00,1.14833,1.14852,1.14709,1.14737,6487
2026-09-18T11:00:00+00:00,1.14737,1.14767,1.14572,1.14605,10529
2026-09-18T12:00:00+00:00,1.14605,1.14697,1.14548,1.14682,9785
2026-09-18T13:00:00+00:00,1.14682,1.14693,1.1458,1.1458599999999999,9103
2026-09-18T14:00:00+00:00,1.1458599999999999,1.14652,1.14582,1.14618,12872
2026-09-18T15:00:00+00:00,1.14618,1.14691,1.14584,1.14636,11832
2026-09-18T16:00:00+00:00,1.14636,1.1475,1.14622,1.14737,7649
2026-09-18T17:00:00+00:00,1.14737,1.14854,1.14737,1.14808,5885
2026-09-18T18:00:00+00:00,1.14808,1.14838,1.14802,1.14834,3471
2026-09-18T19:00:00+00:00,1.14834,1.14904,1.14824,1.1486399999999999,3895
2026-09-18T20:00:00+00:00,1.1486399999999999,1.14891,1.14846,1.14856,2918
2026-09-20T21:00:00+00:00,1.1482,1.14855,1.14764,1.14787,699
2026-09-20T22:00:00+00:00,1.14787,1.14851,1.1478,1.14801,1542
2026-09-20T23:00:00+00:00,1.14801,1.14805,1.14778,1.14784,1680
2026-09-21T00:00:00+00:00,1.14784,1.14852,1.14766,1.14806,4326
2026-09-21T01:00:00+00:00,1.14806,1.14856,1.14804,1.1483,4353
2026-09-21T02:00:00+00:00,1.1483,1.14832,1.14765,1.1477,3232
2026-09-21T03:00:00+00:00,1.1477,1.1478,1.14744,1.14752,3087
2026-09-21T04:00:00+00:00,1.14752,1.14776,1.14735,1.14748,2951
2026-09-21T05:00:00+00:00,1.14748,1.14772,1.1472,1.14731,3580
2026-09-21T06:00:00+00:00,1.14731,1.14789,1.14711,1.14748,5080
2026-09-21T07:00:00+00:00,1.14748,1.14784,1.1471,1.14762,6026
2026-09-21T08:00:00+00:00,1.14762,1.14859,1.14745,1.14801,5890
2026-09-21T09:00:00+00:00,1.14801,1.1481,1.14766,1.14799,4916
2026-09-21T10:00:00+00:00,1.14799,1.14842,1.14793,1.14804,4123
2026-09-21T11:00:00+00:00,1.14804,1.14907,1.14797,1.14898,5323
2026-09-21T12:00:00+00:00,1.14898,1.14956,1.14836,1.1486,7488
2026-09-21T13:00:00+00:00,1.1486,1.14867,1.14717,1.14724,8246
2026-09-21T14:00:00+00:00,1.14724,1.14757,1.14665,1.14724,10132
2026-09-21T15:00:00+00:00,1.14724,1.14736,1.14667,1.1468,6723
2026-09-21T16:00:00+00:00,1.1468,1.14726,1.14664,1.14693,5019
2026-09-21T17:00:00+00:00,1.14693,1.14704,1.14661,1.14663,3154
2026-09-21T18:00:00+00:00,1.14663,1.1468,1.14621,1.14648,3188
2026-09-21T19:00:00+00:00,1.14648,1.14693,1.14643,1.14644,3242
2026-09-21T20:00:00+00:00,1.14644,1.14659,1.1463,1.1463,2271
2026-09-21T21:00:00+00:00,1.1463,1.14674,1.14628,1.14644,1230
2026-09-21T22:00:00+00:00,1.14644,1.14673,1.14627,1.14646,1060
2026-09-21T23:00:00+00:00,1.14646,1.14649,1.14626,1.14635,1252
2026-09-22T00:00:00+00:00,1.14635,1.14711,1.14635,1.14704,4013
2026-09-22T01:00:00+00:00,1.14704,1.14707,1.14629,1.14632,5204
2026-09-22T02:00:00+00:00,1.14632,1.14713,1.14631,1.14698,4140
2026-09-22T03:00:00+00:00,1.14698,1.14755,1.14689,1.14733,3746
2026-09-22T04:00:00+00:00,1.14733,1.14779,1.1472,1.14778,2654
2026-09-22T05:00:00+00:00,1.14778,1.14781,1.14703,1.14713,4048
2026-09-22T06:00:00+00:00,1.14713,1.14713,1.14593,1.14649,7473
2026-09-22T07:00:00+00:00,1.14649,1.14649,1.14465,1.14467,9371
2026-09-22T08:00:00+00:00,1.14467,1.14651,1.14338,1.14573,17942
2026-09-22T09:00:00+00:00,1.14573,1.14692,1.14474,1.14671,13117
2026-09-22T10:00:00+00:00,1.14671,1.14708,1.14602,1.14662,6961
2026-09-22T11:00:00+00:00,1.14662,1.14668,1.14591,1.1462,8040
2026-09-22T12:00:00+00:00,1.1462,1.14668,1.14548,1.14561,7893
2026-09-22T13:00:00+00:00,1.14561,1.14603,1.14517,1.14536,11284
2026-09-22T14:00:00+00:00,1.14536,1.14549,1.14397,1.14428,12067
2026-09-22T15:00:00+00:00,1.14428,1.14439,1.14307,1.14314,9377
2026-09-22T16:00:00+00:00,1.14314,1.14389,1.14293,1.14371,7077
2026-09-22T17:00:00+00:00,1.14371,1.1442,1.14306,1.14392,6513
2026-09-22T18:00:00+00:00,1.14392,1.14436,1.14375,1.14421,6699
2026-09-22T19:00:00+00:00,1.14421,1.1455,1.14415,1.14478,7544
2026-09-22T20:00:00+00:00,1.14478,1.14511,1.14452,1.14458,2698
2026-09-22T21:00:00+00:00,1.14458,1.14496,1.1445,1.14485,797
2026-09-22T22:00:00+00:00,1.14485,1.14499,1.14459,1.14466,1141
2026-09-22T23:00:00+00:00,1.14466,1.14487,1.14456,1.14478,1371
2026-09-23T00:00:00+00:00,1.14478,1.1449,1.14447,1.14464,4272
2026-09-23T01:00:00+00:00,1.14464,1.14464,1.14374,1.14391,4414
2026-09-23T02:00:00+00:00,1.14391,1.14391,1.14327,1.14335,3562
2026-09-23T03:00:00+00:00,1.14335,1.14341,1.1427,1.1427,3631
2026-09-23T04:00:00+00:00,1.1427,1.14299,1.14254,1.14267,2382
2026-09-23T05:00:00+00:00,1.14267,1.1429,1.14233,1.14258,3170
2026-09-23T06:00:00+00:00,1.14258,1.14284,1.14223,1.14237,5408
2026-09-23T07:00:00+00:00,1.14237,1.14264,1.1416,1.14181,7514
2026-09-23T08:00:00+00:00,1.14181,1.14229,1.14094,1.14177,7436
2026-09-23T09:00:00+00:00,1.14177,1.14191,1.14076,1.14079,6124
2026-09-23T10:00:00+00:00,1.14079,1.14161,1.14069,1.14161,6959
2026-09-23T11:00:00+00:00,1.14161,1.14198,1.14044,1.14116,8003
2026-09-23T12:00:00+00:00,1.14116,1.14125,1.13998,1.14081,8307
2026-09-23T13:00:00+00:00,1.14081,1.14158,1.13909,1.13969,15088
2026-09-23T14:00:00+00:00,1.13969,1.14053,1.13834,1.14021,16897
2026-09-23T15:00:00+00:00,1.14021,1.14027,1.13875,1.13932,9658
2026-09-23T16:00:00+00:00,1.13932,1.13956,1.13756,1.13782,8897
2026-09-23T17:00:00+00:00,1.13782,1.13928,1.137,1.13919,13049
2026-09-23T18:00:00+00:00,1.13919,1.13938,1.13803,1.13867,6220
2026-09-23T19:00:00+00:00,1.13867,1.1389,1.13825,1.13844,5188
2026-09-23T20:00:00+00:00,1.13844,1.13873,1.13808,1.13827,2320
2026-09-23T21:00:00+00:00,1.13827,1.13878,1.13769,1.13828,1506
2026-09-23T22:00:00+00:00,1.13828,1.13866,1.13828,1.13847,1317
2026-09-23T23:00:00+00:00,1.13847,1.13847,1.13801,1.13815,1427
2026-09-24T00:00:00+00:00,1.13815,1.13846,1.13708,1.13765,6261
2026-09-24T01:00:00+00:00,1.13765,1.13823,1.13751,1.13762,8062
2026-09-24T02:00:00+00:00,1.13762,1.13845,1.13688,1.13839,6173
2026-09-24T03:00:00+00:00,1.13839,1.1386,1.13764,1.13772,3608
2026-09-24T04:00:00+00:00,1.13772,1.13854,1.13751,1.13839,3790
2026-09-24T05:00:00+00:00,1.13839,1.13866,1.13757,1.13763,4314
2026-09-24T06:00:00+00:00,1.13763,1.13907,1.13759,1.13858,10557
2026-09-24T07:00:00+00:00,1.13858,1.13979,1.13834,1.13929,12038
2026-09-24T08:00:00+00:00,1.13929,1.13992,1.13795,1.13809,13391
2026-09-24T09:00:00+00:00,1.13809,1.1382,1.13718,1.13742,10009
2026-09-24T10:00:00+00:00,1.13742,1.13756,1.13614,1.13735,11498
2026-09-24T11:00:00+00:00,1.13735,1.13777,1.13657,1.13682,9562
2026-09-24T12:00:00+00:00,1.13682,1.13747,1.13624,1.13737,11263
2026-09-24T13:00:00+00:00,1.13737,1.13776,1.13592,1.13738,13508
2026-09-24T14:00:00+00:00,1.13738,1.13784,1.13709,1.13733,12000
2026-09-24T15:00:00+00:00,1.13733,1.13749,1.1364,1.1372,11093
2026-09-24T16:00:00+00:00,1.1372,1.13916,1.13694,1.13785,19011
2026-09-24T17:00:00+00:00,1.13785,1.13839,1.13653,1.13676,10783
2026-09-24T18:00:00+00:00,1.13676,1.13752,1.13592,1.13736,11302
2026-09-24T19:00:00+00:00,1.13736,1.13784,1.1371,1.13767,7154
2026-09-24T20:00:00+00:00,1.13767,1.13808,1.13709,1.13801,3544
2026-09-24T21:00:00+00:00,1.13801,1.13801,1.13748,1.13775,977
2026-09-24T22:00:00+00:00,1.13775,1.138,1.13757,1.1377,1266
2026-09-24T23:00:00+00:00,1.1377,1.13782,1.13736,1.13737,2070
2026-09-25T00:00:00+00:00,1.13737,1.13758,1.13699,1.13751,5033
2026-09-25T01:00:00+00:00,1.13751,1.13822,1.13739,1.13755,5088
2026-09-25T02:00:00+00:00,1.13755,1.1379,1.13717,1.13721,4466
2026-09-25T03:00:00+00:00,1.13721,1.13722,1.13682,1.1369,3256
2026-09-25T04:00:00+00:00,1.1369,1.13714,1.13683,1.13703,3354
2026-09-25T05:00:00+00:00,1.13703,1.13762,1.13697,1.13752,4711
2026-09-25T06:00:00+00:00,1.13752,1.13899,1.1375,1.13858,7664
2026-09-25T07:00:00+00:00,1.13858,1.13905,1.13782,1.13902,10012
2026-09-25T08:00:00+00:00,1.13902,1.13938,1.13871,1.13918,8492
2026-09-25T09:00:00+00:00,1.13918,1.13941,1.13865,1.13911,10153
2026-09-25T10:00:00+00:00,1.13911,1.14006,1.1391,1.13975,7569
2026-09-25T11:00:00+00:00,1.13975,1.14101,1.13972,1.14023,9592
2026-09-25T12:00:00+00:00,1.14023,1.14084,1.13984,1.14012,11699
2026-09-25T13:00:00+00:00,1.14012,1.14072,1.13968,1.14016,13248
2026-09-25T14:00:00+00:00,1.14016,1.14041,1.13962,1.14021,13727
2026-09-25T15:00:00+00:00,1.14021,1.14028,1.1386,1.13999,12169
2026-09-25T16:00:00+00:00,1.13999,1.14109,1.1391,1.13923,16907
2026-09-25T17:00:00+00:00,1.13923,1.1394,1.13872,1.13909,7494
2026-09-25T18:00:00+00:00,1.13909,1.14008,1.13899,1.13993,6721
2026-09-25T19:00:00+00:00,1.13993,1.14011,1.1395,1.1395,4393
2026-09-25T20:00:00+00:00,1.1395,1.13971,1.13899,1.13902,3001
